recommendation_id,device_id,case_id,created_at,age_days,aging_status
REC-0001,DEV-0103,CASE-0001,2026-05-17 00:00,35,Critical
REC-0002,DEV-0038,CASE-0002,2026-05-11 00:00,41,Critical
REC-0003,DEV-0244,CASE-0003,2026-06-13 00:00,8,Warning
REC-0004,DEV-0172,CASE-0004,2026-05-11 00:00,41,Critical
REC-0005,DEV-0228,CASE-0005,2026-06-04 00:00,17,Critical
REC-0006,DEV-0089,CASE-0006,2026-05-20 00:00,32,Critical
REC-0007,DEV-0162,CASE-0007,2026-05-18 00:00,34,Critical
REC-0008,DEV-0103,CASE-0008,2026-05-21 00:00,31,Critical
REC-0009,DEV-0036,CASE-0009,2026-05-25 00:00,27,Critical
REC-0010,DEV-0225,CASE-0010,2026-05-16 00:00,36,Critical
REC-0011,DEV-0113,CASE-0011,2026-06-20 00:00,1,Healthy
REC-0012,DEV-0147,CASE-0012,2026-06-05 00:00,16,Critical
REC-0013,DEV-0097,CASE-0013,2026-06-03 00:00,18,Critical
REC-0014,DEV-0220,CASE-0014,2026-06-20 00:00,1,Healthy
REC-0015,DEV-0233,CASE-0015,2026-06-14 00:00,7,Healthy
REC-0016,DEV-0093,CASE-0016,2026-06-08 00:00,13,Warning
REC-0017,DEV-0204,CASE-0017,2026-05-26 00:00,26,Critical
REC-0018,DEV-0061,CASE-0018,2026-06-16 00:00,5,Healthy
REC-0019,DEV-0225,CASE-0019,2026-06-19 00:00,2,Healthy
REC-0020,DEV-0234,CASE-0020,2026-05-18 00:00,34,Critical
REC-0021,DEV-0065,CASE-0021,2026-05-31 00:00,21,Critical
REC-0022,DEV-0170,CASE-0022,2026-06-18 00:00,3,Healthy
REC-0023,DEV-0013,CASE-0023,2026-05-27 00:00,25,Critical
REC-0024,DEV-0122,CASE-0024,2026-05-14 00:00,38,Critical
REC-0025,DEV-0144,CASE-0025,2026-06-17 00:00,4,Healthy
REC-0026,DEV-0222,CASE-0026,2026-05-21 00:00,31,Critical
REC-0027,DEV-0219,CASE-0027,2026-06-21 00:00,0,Healthy
REC-0028,DEV-0012,CASE-0028,2026-05-27 00:00,25,Critical
REC-0029,DEV-0120,CASE-0029,2026-05-17 00:00,35,Critical
REC-0030,DEV-0113,CASE-0030,2026-06-09 00:00,12,Warning
REC-0031,DEV-0076,CASE-0031,2026-06-10 00:00,11,Warning
REC-0032,DEV-0109,CASE-0032,2026-06-10 00:00,11,Warning
REC-0033,DEV-0170,CASE-0033,2026-05-31 00:00,21,Critical
REC-0034,DEV-0070,CASE-0034,2026-05-08 00:00,44,Critical
REC-0035,DEV-0001,CASE-0035,2026-05-09 00:00,43,Critical
REC-0036,DEV-0227,CASE-0036,2026-06-19 00:00,2,Healthy
REC-0037,DEV-0122,CASE-0037,2026-06-05 00:00,16,Critical
REC-0038,DEV-0046,CASE-0038,2026-05-08 00:00,44,Critical
REC-0039,DEV-0011,CASE-0039,2026-06-21 00:00,0,Healthy
REC-0040,DEV-0181,CASE-0040,2026-05-08 00:00,44,Critical
REC-0041,DEV-0154,CASE-0041,2026-06-05 00:00,16,Critical
REC-0042,DEV-0103,CASE-0042,2026-05-15 00:00,37,Critical
REC-0043,DEV-0029,CASE-0043,2026-06-09 00:00,12,Warning
REC-0044,DEV-0183,CASE-0044,2026-05-26 00:00,26,Critical
REC-0045,DEV-0021,CASE-0045,2026-05-19 00:00,33,Critical
REC-0046,DEV-0121,CASE-0046,2026-05-18 00:00,34,Critical
REC-0047,DEV-0215,CASE-0047,2026-05-10 00:00,42,Critical
REC-0048,DEV-0202,CASE-0048,2026-06-12 00:00,9,Warning
REC-0049,DEV-0111,CASE-0049,2026-05-08 00:00,44,Critical
REC-0050,DEV-0070,CASE-0050,2026-05-22 00:00,30,Critical
REC-0051,DEV-0079,CASE-0051,2026-05-08 00:00,44,Critical
REC-0052,DEV-0212,CASE-0052,2026-05-17 00:00,35,Critical
REC-0053,DEV-0151,CASE-0053,2026-06-07 00:00,14,Warning
REC-0054,DEV-0062,CASE-0054,2026-05-31 00:00,21,Critical
REC-0055,DEV-0060,CASE-0055,2026-05-28 00:00,24,Critical
REC-0056,DEV-0097,CASE-0056,2026-05-14 00:00,38,Critical
REC-0057,DEV-0192,CASE-0057,2026-05-16 00:00,36,Critical
REC-0058,DEV-0123,CASE-0058,2026-06-14 00:00,7,Healthy
REC-0059,DEV-0155,CASE-0059,2026-05-15 00:00,37,Critical
REC-0060,DEV-0218,CASE-0060,2026-06-18 00:00,3,Healthy
REC-0061,DEV-0246,CASE-0061,2026-05-17 00:00,35,Critical
REC-0062,DEV-0201,CASE-0062,2026-05-15 00:00,37,Critical
REC-0063,DEV-0108,CASE-0063,2026-05-10 00:00,42,Critical
REC-0064,DEV-0148,CASE-0064,2026-06-03 00:00,18,Critical
REC-0065,DEV-0001,CASE-0065,2026-06-21 00:00,0,Healthy
REC-0066,DEV-0124,CASE-0066,2026-05-30 00:00,22,Critical
REC-0067,DEV-0051,CASE-0067,2026-06-18 00:00,3,Healthy
REC-0068,DEV-0161,CASE-0068,2026-06-02 00:00,19,Critical
REC-0069,DEV-0166,CASE-0069,2026-05-23 00:00,29,Critical
REC-0070,DEV-0009,CASE-0070,2026-05-08 00:00,44,Critical
REC-0071,DEV-0100,CASE-0071,2026-05-26 00:00,26,Critical
REC-0072,DEV-0237,CASE-0072,2026-05-10 00:00,42,Critical
REC-0073,DEV-0011,CASE-0073,2026-05-31 00:00,21,Critical
REC-0074,DEV-0109,CASE-0074,2026-05-13 00:00,39,Critical
REC-0075,DEV-0222,CASE-0075,2026-06-10 00:00,11,Warning
REC-0076,DEV-0200,CASE-0076,2026-06-15 00:00,6,Healthy
REC-0077,DEV-0137,CASE-0077,2026-05-11 00:00,41,Critical
REC-0078,DEV-0098,CASE-0078,2026-05-31 00:00,21,Critical
REC-0079,DEV-0108,CASE-0079,2026-05-18 00:00,34,Critical
REC-0080,DEV-0245,CASE-0080,2026-06-21 00:00,0,Healthy
REC-0081,DEV-0146,CASE-0081,2026-06-10 00:00,11,Warning
REC-0082,DEV-0077,CASE-0082,2026-06-12 00:00,9,Warning
REC-0083,DEV-0047,CASE-0083,2026-06-05 00:00,16,Critical
REC-0084,DEV-0142,CASE-0084,2026-05-11 00:00,41,Critical
REC-0085,DEV-0226,CASE-0085,2026-06-09 00:00,12,Warning
REC-0086,DEV-0067,CASE-0086,2026-05-20 00:00,32,Critical
REC-0087,DEV-0155,CASE-0087,2026-05-10 00:00,42,Critical
REC-0088,DEV-0039,CASE-0088,2026-05-08 00:00,44,Critical
REC-0089,DEV-0156,CASE-0089,2026-06-05 00:00,16,Critical
REC-0090,DEV-0014,CASE-0090,2026-06-16 00:00,5,Healthy
REC-0091,DEV-0226,CASE-0091,2026-06-20 00:00,1,Healthy
REC-0092,DEV-0092,CASE-0092,2026-05-15 00:00,37,Critical
REC-0093,DEV-0015,CASE-0093,2026-06-15 00:00,6,Healthy
REC-0094,DEV-0148,CASE-0094,2026-05-31 00:00,21,Critical
REC-0095,DEV-0205,CASE-0095,2026-05-28 00:00,24,Critical
REC-0096,DEV-0145,CASE-0096,2026-05-20 00:00,32,Critical
REC-0097,DEV-0150,CASE-0097,2026-05-13 00:00,39,Critical
REC-0098,DEV-0041,CASE-0098,2026-06-02 00:00,19,Critical
REC-0099,DEV-0188,CASE-0099,2026-05-17 00:00,35,Critical
REC-0100,DEV-0082,CASE-0100,2026-05-24 00:00,28,Critical
REC-0101,DEV-0186,CASE-0101,2026-05-21 00:00,31,Critical
REC-0102,DEV-0079,CASE-0102,2026-05-13 00:00,39,Critical
REC-0103,DEV-0172,CASE-0103,2026-06-08 00:00,13,Warning
REC-0104,DEV-0066,CASE-0104,2026-06-12 00:00,9,Warning
REC-0105,DEV-0133,CASE-0105,2026-05-16 00:00,36,Critical
REC-0106,DEV-0148,CASE-0106,2026-06-17 00:00,4,Healthy
REC-0107,DEV-0242,CASE-0107,2026-05-30 00:00,22,Critical
REC-0108,DEV-0234,CASE-0108,2026-05-19 00:00,33,Critical
REC-0109,DEV-0114,CASE-0109,2026-06-21 00:00,0,Healthy
REC-0110,DEV-0220,CASE-0110,2026-05-22 00:00,30,Critical
REC-0111,DEV-0198,CASE-0111,2026-06-01 00:00,20,Critical
REC-0112,DEV-0060,CASE-0112,2026-06-08 00:00,13,Warning
REC-0113,DEV-0156,CASE-0113,2026-05-30 00:00,22,Critical
REC-0114,DEV-0151,CASE-0114,2026-06-09 00:00,12,Warning
REC-0115,DEV-0239,CASE-0115,2026-05-23 00:00,29,Critical
REC-0116,DEV-0189,CASE-0116,2026-06-09 00:00,12,Warning
REC-0117,DEV-0009,CASE-0117,2026-06-18 00:00,3,Healthy
REC-0118,DEV-0147,CASE-0118,2026-06-05 00:00,16,Critical
REC-0119,DEV-0201,CASE-0119,2026-05-14 00:00,38,Critical
REC-0120,DEV-0218,CASE-0120,2026-05-20 00:00,32,Critical
REC-0121,DEV-0130,CASE-0121,2026-06-19 00:00,2,Healthy
REC-0122,DEV-0098,CASE-0122,2026-06-06 00:00,15,Critical
REC-0123,DEV-0212,CASE-0123,2026-06-21 00:00,0,Healthy
REC-0124,DEV-0204,CASE-0124,2026-05-26 00:00,26,Critical
REC-0125,DEV-0210,CASE-0125,2026-05-11 00:00,41,Critical
REC-0126,DEV-0206,CASE-0126,2026-06-04 00:00,17,Critical
REC-0127,DEV-0033,CASE-0127,2026-05-28 00:00,24,Critical
REC-0128,DEV-0079,CASE-0128,2026-06-16 00:00,5,Healthy
REC-0129,DEV-0243,CASE-0129,2026-05-30 00:00,22,Critical
REC-0130,DEV-0080,CASE-0130,2026-05-17 00:00,35,Critical
REC-0131,DEV-0062,CASE-0131,2026-06-20 00:00,1,Healthy
REC-0132,DEV-0215,CASE-0132,2026-05-08 00:00,44,Critical
REC-0133,DEV-0196,CASE-0133,2026-05-11 00:00,41,Critical
REC-0134,DEV-0129,CASE-0134,2026-05-19 00:00,33,Critical
REC-0135,DEV-0160,CASE-0135,2026-05-18 00:00,34,Critical
REC-0136,DEV-0180,CASE-0136,2026-06-12 00:00,9,Warning
REC-0137,DEV-0195,CASE-0137,2026-06-01 00:00,20,Critical
REC-0138,DEV-0160,CASE-0138,2026-05-28 00:00,24,Critical
REC-0139,DEV-0032,CASE-0139,2026-06-04 00:00,17,Critical
REC-0140,DEV-0235,CASE-0140,2026-06-07 00:00,14,Warning
REC-0141,DEV-0189,CASE-0141,2026-05-16 00:00,36,Critical
REC-0142,DEV-0003,CASE-0142,2026-05-14 00:00,38,Critical
REC-0143,DEV-0143,CASE-0143,2026-06-16 00:00,5,Healthy
REC-0144,DEV-0024,CASE-0144,2026-05-08 00:00,44,Critical
REC-0145,DEV-0055,CASE-0145,2026-06-03 00:00,18,Critical
REC-0146,DEV-0100,CASE-0146,2026-05-25 00:00,27,Critical
REC-0147,DEV-0145,CASE-0147,2026-05-27 00:00,25,Critical
REC-0148,DEV-0081,CASE-0148,2026-06-02 00:00,19,Critical
REC-0149,DEV-0126,CASE-0149,2026-05-22 00:00,30,Critical
REC-0150,DEV-0086,CASE-0150,2026-06-09 00:00,12,Warning
REC-0151,DEV-0021,CASE-0151,2026-06-07 00:00,14,Warning
REC-0152,DEV-0057,CASE-0152,2026-06-01 00:00,20,Critical
REC-0153,DEV-0127,CASE-0153,2026-05-12 00:00,40,Critical
REC-0154,DEV-0074,CASE-0154,2026-05-31 00:00,21,Critical
REC-0155,DEV-0049,CASE-0155,2026-06-01 00:00,20,Critical
REC-0156,DEV-0058,CASE-0156,2026-05-18 00:00,34,Critical
REC-0157,DEV-0147,CASE-0157,2026-06-14 00:00,7,Healthy
REC-0158,DEV-0060,CASE-0158,2026-05-20 00:00,32,Critical
REC-0159,DEV-0107,CASE-0159,2026-06-21 00:00,0,Healthy
REC-0160,DEV-0004,CASE-0160,2026-06-02 00:00,19,Critical
REC-0161,DEV-0116,CASE-0161,2026-05-29 00:00,23,Critical
REC-0162,DEV-0156,CASE-0162,2026-05-30 00:00,22,Critical
REC-0163,DEV-0033,CASE-0163,2026-06-21 00:00,0,Healthy
REC-0164,DEV-0047,CASE-0164,2026-05-14 00:00,38,Critical
REC-0165,DEV-0219,CASE-0165,2026-05-23 00:00,29,Critical
REC-0166,DEV-0176,CASE-0166,2026-06-13 00:00,8,Warning
REC-0167,DEV-0244,CASE-0167,2026-05-28 00:00,24,Critical
REC-0168,DEV-0196,CASE-0168,2026-06-06 00:00,15,Critical
REC-0169,DEV-0064,CASE-0169,2026-06-13 00:00,8,Warning
REC-0170,DEV-0045,CASE-0170,2026-05-31 00:00,21,Critical
REC-0171,DEV-0179,CASE-0171,2026-05-19 00:00,33,Critical
REC-0172,DEV-0061,CASE-0172,2026-05-13 00:00,39,Critical
REC-0173,DEV-0189,CASE-0173,2026-05-11 00:00,41,Critical
REC-0174,DEV-0088,CASE-0174,2026-05-08 00:00,44,Critical
REC-0175,DEV-0189,CASE-0175,2026-05-08 00:00,44,Critical
REC-0176,DEV-0068,CASE-0176,2026-06-07 00:00,14,Warning
REC-0177,DEV-0142,CASE-0177,2026-05-15 00:00,37,Critical
REC-0178,DEV-0163,CASE-0178,2026-05-29 00:00,23,Critical
REC-0179,DEV-0099,CASE-0179,2026-05-09 00:00,43,Critical
REC-0180,DEV-0118,CASE-0180,2026-06-21 00:00,0,Healthy
REC-0181,DEV-0220,CASE-0181,2026-06-10 00:00,11,Warning
REC-0182,DEV-0158,CASE-0182,2026-05-11 00:00,41,Critical
REC-0183,DEV-0170,CASE-0183,2026-06-05 00:00,16,Critical
REC-0184,DEV-0233,CASE-0184,2026-06-01 00:00,20,Critical
REC-0185,DEV-0243,CASE-0185,2026-05-18 00:00,34,Critical
REC-0186,DEV-0028,CASE-0186,2026-06-10 00:00,11,Warning
REC-0187,DEV-0209,CASE-0187,2026-05-21 00:00,31,Critical
REC-0188,DEV-0216,CASE-0188,2026-05-25 00:00,27,Critical
REC-0189,DEV-0048,CASE-0189,2026-06-19 00:00,2,Healthy
REC-0190,DEV-0093,CASE-0190,2026-05-18 00:00,34,Critical
REC-0191,DEV-0026,CASE-0191,2026-05-13 00:00,39,Critical
REC-0192,DEV-0191,CASE-0192,2026-06-19 00:00,2,Healthy
REC-0193,DEV-0061,CASE-0193,2026-06-20 00:00,1,Healthy
REC-0194,DEV-0215,CASE-0194,2026-06-09 00:00,12,Warning
REC-0195,DEV-0081,CASE-0195,2026-05-25 00:00,27,Critical
REC-0196,DEV-0215,CASE-0196,2026-06-07 00:00,14,Warning
REC-0197,DEV-0008,CASE-0197,2026-05-26 00:00,26,Critical
REC-0198,DEV-0083,CASE-0198,2026-05-26 00:00,26,Critical
REC-0199,DEV-0235,CASE-0199,2026-06-03 00:00,18,Critical
REC-0200,DEV-0103,CASE-0200,2026-05-12 00:00,40,Critical
REC-0201,DEV-0137,CASE-0201,2026-05-29 00:00,23,Critical
REC-0202,DEV-0236,CASE-0202,2026-06-12 00:00,9,Warning
REC-0203,DEV-0002,CASE-0203,2026-05-29 00:00,23,Critical
REC-0204,DEV-0084,CASE-0204,2026-05-23 00:00,29,Critical
REC-0205,DEV-0033,CASE-0205,2026-05-17 00:00,35,Critical
REC-0206,DEV-0214,CASE-0206,2026-05-09 00:00,43,Critical
REC-0207,DEV-0096,CASE-0207,2026-05-27 00:00,25,Critical
REC-0208,DEV-0200,CASE-0208,2026-05-22 00:00,30,Critical
REC-0209,DEV-0084,CASE-0209,2026-06-01 00:00,20,Critical
REC-0210,DEV-0141,CASE-0210,2026-06-11 00:00,10,Warning
REC-0211,DEV-0068,CASE-0211,2026-06-03 00:00,18,Critical
REC-0212,DEV-0004,CASE-0212,2026-06-14 00:00,7,Healthy
REC-0213,DEV-0171,CASE-0213,2026-05-16 00:00,36,Critical
REC-0214,DEV-0055,CASE-0214,2026-06-13 00:00,8,Warning
REC-0215,DEV-0160,CASE-0215,2026-05-27 00:00,25,Critical
REC-0216,DEV-0091,CASE-0216,2026-05-12 00:00,40,Critical
REC-0217,DEV-0221,CASE-0217,2026-06-15 00:00,6,Healthy
REC-0218,DEV-0106,CASE-0218,2026-05-26 00:00,26,Critical
REC-0219,DEV-0027,CASE-0219,2026-05-30 00:00,22,Critical
REC-0220,DEV-0169,CASE-0220,2026-06-02 00:00,19,Critical
REC-0221,DEV-0243,CASE-0221,2026-05-26 00:00,26,Critical
REC-0222,DEV-0016,CASE-0222,2026-05-19 00:00,33,Critical
REC-0223,DEV-0048,CASE-0223,2026-05-12 00:00,40,Critical
REC-0224,DEV-0122,CASE-0224,2026-06-19 00:00,2,Healthy
REC-0225,DEV-0192,CASE-0225,2026-05-18 00:00,34,Critical
REC-0226,DEV-0216,CASE-0226,2026-06-16 00:00,5,Healthy
REC-0227,DEV-0202,CASE-0227,2026-06-08 00:00,13,Warning
REC-0228,DEV-0210,CASE-0228,2026-06-16 00:00,5,Healthy
REC-0229,DEV-0062,CASE-0229,2026-06-02 00:00,19,Critical
REC-0230,DEV-0221,CASE-0230,2026-06-05 00:00,16,Critical
REC-0231,DEV-0082,CASE-0231,2026-06-06 00:00,15,Critical
REC-0232,DEV-0183,CASE-0232,2026-06-20 00:00,1,Healthy
REC-0233,DEV-0073,CASE-0233,2026-05-27 00:00,25,Critical
REC-0234,DEV-0149,CASE-0234,2026-06-13 00:00,8,Warning
REC-0235,DEV-0106,CASE-0235,2026-06-01 00:00,20,Critical
REC-0236,DEV-0154,CASE-0236,2026-05-30 00:00,22,Critical
REC-0237,DEV-0176,CASE-0237,2026-06-12 00:00,9,Warning
REC-0238,DEV-0131,CASE-0238,2026-06-16 00:00,5,Healthy
REC-0239,DEV-0037,CASE-0239,2026-05-17 00:00,35,Critical
REC-0240,DEV-0098,CASE-0240,2026-05-29 00:00,23,Critical
REC-0241,DEV-0102,CASE-0241,2026-06-02 00:00,19,Critical
REC-0242,DEV-0056,CASE-0242,2026-05-21 00:00,31,Critical
REC-0243,DEV-0039,CASE-0243,2026-06-17 00:00,4,Healthy
REC-0244,DEV-0057,CASE-0244,2026-05-08 00:00,44,Critical
REC-0245,DEV-0108,CASE-0245,2026-06-12 00:00,9,Warning
REC-0246,DEV-0011,CASE-0246,2026-06-13 00:00,8,Warning
REC-0247,DEV-0175,CASE-0247,2026-05-24 00:00,28,Critical
REC-0248,DEV-0195,CASE-0248,2026-06-07 00:00,14,Warning
REC-0249,DEV-0156,CASE-0249,2026-06-15 00:00,6,Healthy
REC-0250,DEV-0015,CASE-0250,2026-05-31 00:00,21,Critical
REC-0251,DEV-0049,CASE-0251,2026-06-03 00:00,18,Critical
REC-0252,DEV-0116,CASE-0252,2026-05-22 00:00,30,Critical
REC-0253,DEV-0101,CASE-0253,2026-06-15 00:00,6,Healthy
REC-0254,DEV-0215,CASE-0254,2026-06-09 00:00,12,Warning
REC-0255,DEV-0130,CASE-0255,2026-05-27 00:00,25,Critical
REC-0256,DEV-0166,CASE-0256,2026-06-15 00:00,6,Healthy
REC-0257,DEV-0028,CASE-0257,2026-06-16 00:00,5,Healthy
REC-0258,DEV-0104,CASE-0258,2026-06-10 00:00,11,Warning
REC-0259,DEV-0095,CASE-0259,2026-05-18 00:00,34,Critical
REC-0260,DEV-0183,CASE-0260,2026-05-24 00:00,28,Critical
REC-0261,DEV-0153,CASE-0261,2026-06-01 00:00,20,Critical
REC-0262,DEV-0153,CASE-0262,2026-05-09 00:00,43,Critical
REC-0263,DEV-0202,CASE-0263,2026-06-05 00:00,16,Critical
REC-0264,DEV-0119,CASE-0264,2026-06-09 00:00,12,Warning
REC-0265,DEV-0043,CASE-0265,2026-05-10 00:00,42,Critical
REC-0266,DEV-0179,CASE-0266,2026-06-02 00:00,19,Critical
REC-0267,DEV-0042,CASE-0267,2026-05-15 00:00,37,Critical
REC-0268,DEV-0126,CASE-0268,2026-06-12 00:00,9,Warning
REC-0269,DEV-0101,CASE-0269,2026-05-22 00:00,30,Critical
REC-0270,DEV-0128,CASE-0270,2026-05-11 00:00,41,Critical
REC-0271,DEV-0018,CASE-0271,2026-06-13 00:00,8,Warning
REC-0272,DEV-0076,CASE-0272,2026-05-28 00:00,24,Critical
REC-0273,DEV-0211,CASE-0273,2026-05-15 00:00,37,Critical
REC-0274,DEV-0096,CASE-0274,2026-06-10 00:00,11,Warning
REC-0275,DEV-0031,CASE-0275,2026-06-02 00:00,19,Critical
REC-0276,DEV-0174,CASE-0276,2026-06-20 00:00,1,Healthy
REC-0277,DEV-0171,CASE-0277,2026-05-22 00:00,30,Critical
REC-0278,DEV-0137,CASE-0278,2026-06-08 00:00,13,Warning
REC-0279,DEV-0115,CASE-0279,2026-06-16 00:00,5,Healthy
REC-0280,DEV-0200,CASE-0280,2026-05-25 00:00,27,Critical
REC-0281,DEV-0038,CASE-0281,2026-05-21 00:00,31,Critical
REC-0282,DEV-0099,CASE-0282,2026-05-29 00:00,23,Critical
REC-0283,DEV-0111,CASE-0283,2026-05-11 00:00,41,Critical
REC-0284,DEV-0005,CASE-0284,2026-05-30 00:00,22,Critical
REC-0285,DEV-0158,CASE-0285,2026-06-07 00:00,14,Warning
REC-0286,DEV-0216,CASE-0286,2026-05-25 00:00,27,Critical
REC-0287,DEV-0089,CASE-0287,2026-05-08 00:00,44,Critical
REC-0288,DEV-0104,CASE-0288,2026-05-25 00:00,27,Critical
REC-0289,DEV-0052,CASE-0289,2026-05-11 00:00,41,Critical
REC-0290,DEV-0246,CASE-0290,2026-06-07 00:00,14,Warning
REC-0291,DEV-0060,CASE-0291,2026-06-16 00:00,5,Healthy
REC-0292,DEV-0206,CASE-0292,2026-06-03 00:00,18,Critical
REC-0293,DEV-0061,CASE-0293,2026-05-16 00:00,36,Critical
REC-0294,DEV-0190,CASE-0294,2026-05-22 00:00,30,Critical
REC-0295,DEV-0208,CASE-0295,2026-05-08 00:00,44,Critical
REC-0296,DEV-0006,CASE-0296,2026-06-19 00:00,2,Healthy
REC-0297,DEV-0196,CASE-0297,2026-06-11 00:00,10,Warning
REC-0298,DEV-0225,CASE-0298,2026-05-30 00:00,22,Critical
REC-0299,DEV-0094,CASE-0299,2026-06-01 00:00,20,Critical
REC-0300,DEV-0210,CASE-0300,2026-05-09 00:00,43,Critical
REC-0301,DEV-0231,CASE-0301,2026-05-13 00:00,39,Critical
REC-0302,DEV-0209,CASE-0302,2026-05-23 00:00,29,Critical
REC-0303,DEV-0124,CASE-0303,2026-05-16 00:00,36,Critical
REC-0304,DEV-0063,CASE-0304,2026-06-09 00:00,12,Warning
REC-0305,DEV-0038,CASE-0305,2026-06-11 00:00,10,Warning
REC-0306,DEV-0137,CASE-0306,2026-06-03 00:00,18,Critical
REC-0307,DEV-0194,CASE-0307,2026-06-01 00:00,20,Critical
REC-0308,DEV-0047,CASE-0308,2026-05-10 00:00,42,Critical
REC-0309,DEV-0113,CASE-0309,2026-06-12 00:00,9,Warning
REC-0310,DEV-0047,CASE-0310,2026-05-27 00:00,25,Critical
REC-0311,DEV-0096,CASE-0311,2026-06-20 00:00,1,Healthy
REC-0312,DEV-0084,CASE-0312,2026-06-10 00:00,11,Warning
REC-0313,DEV-0217,CASE-0313,2026-06-17 00:00,4,Healthy
REC-0314,DEV-0081,CASE-0314,2026-05-19 00:00,33,Critical
REC-0315,DEV-0099,CASE-0315,2026-06-13 00:00,8,Warning
REC-0316,DEV-0212,CASE-0316,2026-06-02 00:00,19,Critical
REC-0317,DEV-0084,CASE-0317,2026-05-08 00:00,44,Critical
REC-0318,DEV-0171,CASE-0318,2026-06-14 00:00,7,Healthy
REC-0319,DEV-0137,CASE-0319,2026-05-26 00:00,26,Critical
REC-0320,DEV-0220,CASE-0320,2026-05-28 00:00,24,Critical
REC-0321,DEV-0117,CASE-0321,2026-06-18 00:00,3,Healthy
REC-0322,DEV-0233,CASE-0322,2026-05-17 00:00,35,Critical
REC-0323,DEV-0208,CASE-0323,2026-05-15 00:00,37,Critical
REC-0324,DEV-0074,CASE-0324,2026-05-19 00:00,33,Critical
REC-0325,DEV-0071,CASE-0325,2026-05-26 00:00,26,Critical
REC-0326,DEV-0099,CASE-0326,2026-06-18 00:00,3,Healthy
REC-0327,DEV-0222,CASE-0327,2026-06-16 00:00,5,Healthy
REC-0328,DEV-0095,CASE-0328,2026-06-01 00:00,20,Critical
REC-0329,DEV-0002,CASE-0329,2026-05-20 00:00,32,Critical
REC-0330,DEV-0113,CASE-0330,2026-06-06 00:00,15,Critical
REC-0331,DEV-0150,CASE-0331,2026-05-24 00:00,28,Critical
REC-0332,DEV-0006,CASE-0332,2026-06-01 00:00,20,Critical
REC-0333,DEV-0078,CASE-0333,2026-06-21 00:00,0,Healthy
REC-0334,DEV-0012,CASE-0334,2026-06-17 00:00,4,Healthy
REC-0335,DEV-0059,CASE-0335,2026-05-20 00:00,32,Critical
REC-0336,DEV-0197,CASE-0336,2026-06-09 00:00,12,Warning
REC-0337,DEV-0026,CASE-0337,2026-06-03 00:00,18,Critical
REC-0338,DEV-0033,CASE-0338,2026-06-06 00:00,15,Critical
REC-0339,DEV-0188,CASE-0339,2026-06-16 00:00,5,Healthy
REC-0340,DEV-0087,CASE-0340,2026-05-11 00:00,41,Critical
REC-0341,DEV-0031,CASE-0341,2026-05-25 00:00,27,Critical
REC-0342,DEV-0134,CASE-0342,2026-05-29 00:00,23,Critical
REC-0343,DEV-0126,CASE-0343,2026-06-21 00:00,0,Healthy
REC-0344,DEV-0089,CASE-0344,2026-05-23 00:00,29,Critical
REC-0345,DEV-0004,CASE-0345,2026-06-17 00:00,4,Healthy
REC-0346,DEV-0170,CASE-0346,2026-06-11 00:00,10,Warning
REC-0347,DEV-0037,CASE-0347,2026-05-14 00:00,38,Critical
REC-0348,DEV-0178,CASE-0348,2026-06-19 00:00,2,Healthy
REC-0349,DEV-0188,CASE-0349,2026-06-08 00:00,13,Warning
REC-0350,DEV-0217,CASE-0350,2026-05-08 00:00,44,Critical
REC-0351,DEV-0152,CASE-0351,2026-05-19 00:00,33,Critical
REC-0352,DEV-0021,CASE-0352,2026-05-08 00:00,44,Critical
REC-0353,DEV-0246,CASE-0353,2026-05-11 00:00,41,Critical
REC-0354,DEV-0133,CASE-0354,2026-05-22 00:00,30,Critical
REC-0355,DEV-0027,CASE-0355,2026-05-21 00:00,31,Critical
REC-0356,DEV-0190,CASE-0356,2026-05-28 00:00,24,Critical
REC-0357,DEV-0094,CASE-0357,2026-06-05 00:00,16,Critical
REC-0358,DEV-0226,CASE-0358,2026-06-13 00:00,8,Warning
REC-0359,DEV-0214,CASE-0359,2026-05-29 00:00,23,Critical
REC-0360,DEV-0161,CASE-0360,2026-06-09 00:00,12,Warning
REC-0361,DEV-0039,CASE-0361,2026-06-15 00:00,6,Healthy
REC-0362,DEV-0068,CASE-0362,2026-06-16 00:00,5,Healthy
REC-0363,DEV-0128,CASE-0363,2026-06-02 00:00,19,Critical
REC-0364,DEV-0031,CASE-0364,2026-06-19 00:00,2,Healthy
REC-0365,DEV-0052,CASE-0365,2026-05-13 00:00,39,Critical
REC-0366,DEV-0121,CASE-0366,2026-06-06 00:00,15,Critical
REC-0367,DEV-0070,CASE-0367,2026-05-20 00:00,32,Critical
REC-0368,DEV-0109,CASE-0368,2026-06-06 00:00,15,Critical
REC-0369,DEV-0097,CASE-0369,2026-06-08 00:00,13,Warning
REC-0370,DEV-0228,CASE-0370,2026-06-06 00:00,15,Critical
REC-0371,DEV-0238,CASE-0371,2026-05-27 00:00,25,Critical
REC-0372,DEV-0041,CASE-0372,2026-05-29 00:00,23,Critical
REC-0373,DEV-0146,CASE-0373,2026-06-13 00:00,8,Warning
REC-0374,DEV-0107,CASE-0374,2026-05-27 00:00,25,Critical
REC-0375,DEV-0194,CASE-0375,2026-05-27 00:00,25,Critical
REC-0376,DEV-0152,CASE-0376,2026-05-25 00:00,27,Critical
REC-0377,DEV-0090,CASE-0377,2026-06-20 00:00,1,Healthy
REC-0378,DEV-0013,CASE-0378,2026-05-30 00:00,22,Critical
REC-0379,DEV-0084,CASE-0379,2026-05-09 00:00,43,Critical
REC-0380,DEV-0018,CASE-0380,2026-05-26 00:00,26,Critical
REC-0381,DEV-0192,CASE-0381,2026-06-14 00:00,7,Healthy
REC-0382,DEV-0119,CASE-0382,2026-06-05 00:00,16,Critical
REC-0383,DEV-0082,CASE-0383,2026-06-10 00:00,11,Warning
REC-0384,DEV-0228,CASE-0384,2026-06-01 00:00,20,Critical
REC-0385,DEV-0137,CASE-0385,2026-06-05 00:00,16,Critical
REC-0386,DEV-0085,CASE-0386,2026-05-11 00:00,41,Critical
REC-0387,DEV-0226,CASE-0387,2026-05-20 00:00,32,Critical
REC-0388,DEV-0110,CASE-0388,2026-05-27 00:00,25,Critical
REC-0389,DEV-0042,CASE-0389,2026-06-14 00:00,7,Healthy
REC-0390,DEV-0003,CASE-0390,2026-05-31 00:00,21,Critical
REC-0391,DEV-0151,CASE-0391,2026-06-07 00:00,14,Warning
REC-0392,DEV-0240,CASE-0392,2026-05-08 00:00,44,Critical
REC-0393,DEV-0222,CASE-0393,2026-05-20 00:00,32,Critical
REC-0394,DEV-0226,CASE-0394,2026-05-20 00:00,32,Critical
REC-0395,DEV-0121,CASE-0395,2026-06-06 00:00,15,Critical
REC-0396,DEV-0009,CASE-0396,2026-05-12 00:00,40,Critical
REC-0397,DEV-0098,CASE-0397,2026-05-14 00:00,38,Critical
REC-0398,DEV-0201,CASE-0398,2026-05-10 00:00,42,Critical
REC-0399,DEV-0027,CASE-0399,2026-06-10 00:00,11,Warning
REC-0400,DEV-0084,CASE-0400,2026-06-04 00:00,17,Critical
REC-0401,DEV-0109,CASE-0401,2026-05-12 00:00,40,Critical
REC-0402,DEV-0128,CASE-0402,2026-06-17 00:00,4,Healthy
REC-0403,DEV-0147,CASE-0403,2026-06-12 00:00,9,Warning
REC-0404,DEV-0238,CASE-0404,2026-05-24 00:00,28,Critical
REC-0405,DEV-0021,CASE-0405,2026-05-19 00:00,33,Critical
REC-0406,DEV-0019,CASE-0406,2026-05-17 00:00,35,Critical
REC-0407,DEV-0081,CASE-0407,2026-06-18 00:00,3,Healthy
REC-0408,DEV-0211,CASE-0408,2026-06-07 00:00,14,Warning
REC-0409,DEV-0065,CASE-0409,2026-05-21 00:00,31,Critical
REC-0410,DEV-0072,CASE-0410,2026-06-14 00:00,7,Healthy
REC-0411,DEV-0004,CASE-0411,2026-05-15 00:00,37,Critical
REC-0412,DEV-0106,CASE-0412,2026-06-05 00:00,16,Critical
REC-0413,DEV-0198,CASE-0413,2026-05-21 00:00,31,Critical
REC-0414,DEV-0076,CASE-0414,2026-06-03 00:00,18,Critical
REC-0415,DEV-0187,CASE-0415,2026-06-09 00:00,12,Warning
REC-0416,DEV-0249,CASE-0416,2026-06-10 00:00,11,Warning
REC-0417,DEV-0237,CASE-0417,2026-06-17 00:00,4,Healthy
REC-0418,DEV-0067,CASE-0418,2026-06-06 00:00,15,Critical
REC-0419,DEV-0125,CASE-0419,2026-06-14 00:00,7,Healthy
REC-0420,DEV-0231,CASE-0420,2026-05-09 00:00,43,Critical
REC-0421,DEV-0002,CASE-0421,2026-05-26 00:00,26,Critical
REC-0422,DEV-0053,CASE-0422,2026-05-24 00:00,28,Critical
REC-0423,DEV-0029,CASE-0423,2026-05-26 00:00,26,Critical
REC-0424,DEV-0159,CASE-0424,2026-06-12 00:00,9,Warning
REC-0425,DEV-0010,CASE-0425,2026-05-27 00:00,25,Critical
REC-0426,DEV-0123,CASE-0426,2026-06-20 00:00,1,Healthy
REC-0427,DEV-0217,CASE-0427,2026-06-02 00:00,19,Critical
REC-0428,DEV-0094,CASE-0428,2026-05-13 00:00,39,Critical
REC-0429,DEV-0179,CASE-0429,2026-06-20 00:00,1,Healthy
REC-0430,DEV-0180,CASE-0430,2026-06-20 00:00,1,Healthy
REC-0431,DEV-0117,CASE-0431,2026-05-27 00:00,25,Critical
REC-0432,DEV-0059,CASE-0432,2026-05-10 00:00,42,Critical
REC-0433,DEV-0234,CASE-0433,2026-06-20 00:00,1,Healthy
REC-0434,DEV-0032,CASE-0434,2026-06-03 00:00,18,Critical
REC-0435,DEV-0100,CASE-0435,2026-05-09 00:00,43,Critical
REC-0436,DEV-0159,CASE-0436,2026-05-14 00:00,38,Critical
REC-0437,DEV-0132,CASE-0437,2026-06-05 00:00,16,Critical
REC-0438,DEV-0009,CASE-0438,2026-06-18 00:00,3,Healthy
REC-0439,DEV-0106,CASE-0439,2026-06-18 00:00,3,Healthy
REC-0440,DEV-0044,CASE-0440,2026-06-10 00:00,11,Warning
REC-0441,DEV-0068,CASE-0441,2026-05-22 00:00,30,Critical
REC-0442,DEV-0106,CASE-0442,2026-06-19 00:00,2,Healthy
REC-0443,DEV-0049,CASE-0443,2026-05-09 00:00,43,Critical
REC-0444,DEV-0008,CASE-0444,2026-06-03 00:00,18,Critical
REC-0445,DEV-0188,CASE-0445,2026-06-17 00:00,4,Healthy
REC-0446,DEV-0022,CASE-0446,2026-06-09 00:00,12,Warning
REC-0447,DEV-0046,CASE-0447,2026-06-16 00:00,5,Healthy
REC-0448,DEV-0022,CASE-0448,2026-06-13 00:00,8,Warning
REC-0449,DEV-0186,CASE-0449,2026-06-19 00:00,2,Healthy
REC-0450,DEV-0139,CASE-0450,2026-05-16 00:00,36,Critical
REC-0451,DEV-0247,CASE-0451,2026-05-21 00:00,31,Critical
REC-0452,DEV-0029,CASE-0452,2026-05-30 00:00,22,Critical
REC-0453,DEV-0247,CASE-0453,2026-06-10 00:00,11,Warning
REC-0454,DEV-0099,CASE-0454,2026-06-11 00:00,10,Warning
REC-0455,DEV-0103,CASE-0455,2026-05-28 00:00,24,Critical
REC-0456,DEV-0051,CASE-0456,2026-05-14 00:00,38,Critical
REC-0457,DEV-0212,CASE-0457,2026-06-10 00:00,11,Warning
REC-0458,DEV-0232,CASE-0458,2026-05-31 00:00,21,Critical
REC-0459,DEV-0004,CASE-0459,2026-05-20 00:00,32,Critical
REC-0460,DEV-0142,CASE-0460,2026-05-13 00:00,39,Critical
REC-0461,DEV-0219,CASE-0461,2026-06-06 00:00,15,Critical
REC-0462,DEV-0241,CASE-0462,2026-06-13 00:00,8,Warning
REC-0463,DEV-0001,CASE-0463,2026-05-22 00:00,30,Critical
REC-0464,DEV-0240,CASE-0464,2026-06-13 00:00,8,Warning
REC-0465,DEV-0053,CASE-0465,2026-06-07 00:00,14,Warning
REC-0466,DEV-0108,CASE-0466,2026-06-20 00:00,1,Healthy
REC-0467,DEV-0118,CASE-0467,2026-06-11 00:00,10,Warning
REC-0468,DEV-0086,CASE-0468,2026-05-18 00:00,34,Critical
REC-0469,DEV-0095,CASE-0469,2026-06-05 00:00,16,Critical
REC-0470,DEV-0238,CASE-0470,2026-06-07 00:00,14,Warning
REC-0471,DEV-0107,CASE-0471,2026-05-25 00:00,27,Critical
REC-0472,DEV-0200,CASE-0472,2026-05-16 00:00,36,Critical
REC-0473,DEV-0242,CASE-0473,2026-05-11 00:00,41,Critical
REC-0474,DEV-0151,CASE-0474,2026-05-11 00:00,41,Critical
REC-0475,DEV-0068,CASE-0475,2026-06-19 00:00,2,Healthy
REC-0476,DEV-0006,CASE-0476,2026-05-19 00:00,33,Critical
REC-0477,DEV-0236,CASE-0477,2026-06-05 00:00,16,Critical
REC-0478,DEV-0207,CASE-0478,2026-06-11 00:00,10,Warning
REC-0479,DEV-0038,CASE-0479,2026-06-06 00:00,15,Critical
REC-0480,DEV-0186,CASE-0480,2026-06-12 00:00,9,Warning
REC-0481,DEV-0153,CASE-0481,2026-06-21 00:00,0,Healthy
REC-0482,DEV-0077,CASE-0482,2026-05-24 00:00,28,Critical
REC-0483,DEV-0240,CASE-0483,2026-06-20 00:00,1,Healthy
REC-0484,DEV-0223,CASE-0484,2026-05-28 00:00,24,Critical
REC-0485,DEV-0156,CASE-0485,2026-05-31 00:00,21,Critical
REC-0486,DEV-0204,CASE-0486,2026-05-24 00:00,28,Critical
REC-0487,DEV-0166,CASE-0487,2026-05-14 00:00,38,Critical
REC-0488,DEV-0122,CASE-0488,2026-05-28 00:00,24,Critical
REC-0489,DEV-0148,CASE-0489,2026-06-08 00:00,13,Warning
REC-0490,DEV-0123,CASE-0490,2026-05-28 00:00,24,Critical
REC-0491,DEV-0128,CASE-0491,2026-05-17 00:00,35,Critical
REC-0492,DEV-0175,CASE-0492,2026-06-03 00:00,18,Critical
REC-0493,DEV-0177,CASE-0493,2026-05-28 00:00,24,Critical
REC-0494,DEV-0122,CASE-0494,2026-05-16 00:00,36,Critical
REC-0495,DEV-0075,CASE-0495,2026-06-11 00:00,10,Warning
REC-0496,DEV-0172,CASE-0496,2026-05-27 00:00,25,Critical
REC-0497,DEV-0019,CASE-0497,2026-06-21 00:00,0,Healthy
REC-0498,DEV-0052,CASE-0498,2026-06-05 00:00,16,Critical
REC-0499,DEV-0006,CASE-0499,2026-05-17 00:00,35,Critical
REC-0500,DEV-0220,CASE-0500,2026-05-26 00:00,26,Critical
REC-0501,DEV-0067,CASE-0501,2026-06-05 00:00,16,Critical
REC-0502,DEV-0203,CASE-0502,2026-05-26 00:00,26,Critical
REC-0503,DEV-0178,CASE-0503,2026-05-18 00:00,34,Critical
REC-0504,DEV-0011,CASE-0504,2026-05-29 00:00,23,Critical
REC-0505,DEV-0130,CASE-0505,2026-06-12 00:00,9,Warning
REC-0506,DEV-0104,CASE-0506,2026-06-03 00:00,18,Critical
REC-0507,DEV-0127,CASE-0507,2026-05-22 00:00,30,Critical
REC-0508,DEV-0080,CASE-0508,2026-05-11 00:00,41,Critical
REC-0509,DEV-0234,CASE-0509,2026-05-11 00:00,41,Critical
REC-0510,DEV-0034,CASE-0510,2026-05-31 00:00,21,Critical
REC-0511,DEV-0211,CASE-0511,2026-06-05 00:00,16,Critical
REC-0512,DEV-0030,CASE-0512,2026-06-09 00:00,12,Warning
REC-0513,DEV-0035,CASE-0513,2026-05-12 00:00,40,Critical
REC-0514,DEV-0119,CASE-0514,2026-05-24 00:00,28,Critical
REC-0515,DEV-0048,CASE-0515,2026-06-04 00:00,17,Critical
REC-0516,DEV-0015,CASE-0516,2026-06-12 00:00,9,Warning
REC-0517,DEV-0223,CASE-0517,2026-05-22 00:00,30,Critical
REC-0518,DEV-0178,CASE-0518,2026-05-28 00:00,24,Critical
REC-0519,DEV-0074,CASE-0519,2026-06-09 00:00,12,Warning
REC-0520,DEV-0239,CASE-0520,2026-05-23 00:00,29,Critical
REC-0521,DEV-0078,CASE-0521,2026-06-06 00:00,15,Critical
REC-0522,DEV-0022,CASE-0522,2026-06-13 00:00,8,Warning
REC-0523,DEV-0182,CASE-0523,2026-06-21 00:00,0,Healthy
REC-0524,DEV-0075,CASE-0524,2026-06-02 00:00,19,Critical
REC-0525,DEV-0186,CASE-0525,2026-05-31 00:00,21,Critical
REC-0526,DEV-0094,CASE-0526,2026-05-26 00:00,26,Critical
REC-0527,DEV-0139,CASE-0527,2026-05-25 00:00,27,Critical
REC-0528,DEV-0028,CASE-0528,2026-05-21 00:00,31,Critical
REC-0529,DEV-0008,CASE-0529,2026-05-20 00:00,32,Critical
REC-0530,DEV-0206,CASE-0530,2026-05-09 00:00,43,Critical
REC-0531,DEV-0150,CASE-0531,2026-06-06 00:00,15,Critical
REC-0532,DEV-0131,CASE-0532,2026-05-26 00:00,26,Critical
REC-0533,DEV-0227,CASE-0533,2026-05-30 00:00,22,Critical
REC-0534,DEV-0051,CASE-0534,2026-06-07 00:00,14,Warning
REC-0535,DEV-0100,CASE-0535,2026-06-02 00:00,19,Critical
REC-0536,DEV-0190,CASE-0536,2026-05-12 00:00,40,Critical
REC-0537,DEV-0014,CASE-0537,2026-06-07 00:00,14,Warning
REC-0538,DEV-0068,CASE-0538,2026-05-14 00:00,38,Critical
REC-0539,DEV-0152,CASE-0539,2026-06-21 00:00,0,Healthy
REC-0540,DEV-0104,CASE-0540,2026-06-12 00:00,9,Warning
REC-0541,DEV-0101,CASE-0541,2026-05-09 00:00,43,Critical
REC-0542,DEV-0242,CASE-0542,2026-05-08 00:00,44,Critical
REC-0543,DEV-0095,CASE-0543,2026-06-03 00:00,18,Critical
REC-0544,DEV-0134,CASE-0544,2026-06-16 00:00,5,Healthy
REC-0545,DEV-0149,CASE-0545,2026-06-05 00:00,16,Critical
REC-0546,DEV-0074,CASE-0546,2026-06-04 00:00,17,Critical
REC-0547,DEV-0165,CASE-0547,2026-05-12 00:00,40,Critical
REC-0548,DEV-0048,CASE-0548,2026-06-07 00:00,14,Warning
REC-0549,DEV-0221,CASE-0549,2026-06-13 00:00,8,Warning
REC-0550,DEV-0002,CASE-0550,2026-06-07 00:00,14,Warning
REC-0551,DEV-0062,CASE-0551,2026-06-16 00:00,5,Healthy
REC-0552,DEV-0186,CASE-0552,2026-06-21 00:00,0,Healthy
REC-0553,DEV-0220,CASE-0553,2026-06-17 00:00,4,Healthy
REC-0554,DEV-0049,CASE-0554,2026-06-10 00:00,11,Warning
REC-0555,DEV-0209,CASE-0555,2026-06-06 00:00,15,Critical
REC-0556,DEV-0126,CASE-0556,2026-05-22 00:00,30,Critical
REC-0557,DEV-0061,CASE-0557,2026-05-17 00:00,35,Critical
REC-0558,DEV-0117,CASE-0558,2026-05-17 00:00,35,Critical
REC-0559,DEV-0248,CASE-0559,2026-06-11 00:00,10,Warning
REC-0560,DEV-0126,CASE-0560,2026-05-08 00:00,44,Critical
REC-0561,DEV-0242,CASE-0561,2026-06-08 00:00,13,Warning
REC-0562,DEV-0107,CASE-0562,2026-05-17 00:00,35,Critical
REC-0563,DEV-0055,CASE-0563,2026-05-21 00:00,31,Critical
REC-0564,DEV-0181,CASE-0564,2026-06-21 00:00,0,Healthy
REC-0565,DEV-0211,CASE-0565,2026-05-31 00:00,21,Critical
REC-0566,DEV-0229,CASE-0566,2026-06-19 00:00,2,Healthy
REC-0567,DEV-0078,CASE-0567,2026-05-14 00:00,38,Critical
REC-0568,DEV-0138,CASE-0568,2026-05-08 00:00,44,Critical
REC-0569,DEV-0061,CASE-0569,2026-06-15 00:00,6,Healthy
REC-0570,DEV-0161,CASE-0570,2026-06-14 00:00,7,Healthy
REC-0571,DEV-0031,CASE-0571,2026-05-29 00:00,23,Critical
REC-0572,DEV-0130,CASE-0572,2026-05-14 00:00,38,Critical
REC-0573,DEV-0017,CASE-0573,2026-06-14 00:00,7,Healthy
REC-0574,DEV-0224,CASE-0574,2026-05-19 00:00,33,Critical
REC-0575,DEV-0080,CASE-0575,2026-05-08 00:00,44,Critical
REC-0576,DEV-0204,CASE-0576,2026-06-19 00:00,2,Healthy
REC-0577,DEV-0111,CASE-0577,2026-05-28 00:00,24,Critical
REC-0578,DEV-0144,CASE-0578,2026-05-20 00:00,32,Critical
REC-0579,DEV-0029,CASE-0579,2026-05-23 00:00,29,Critical
REC-0580,DEV-0041,CASE-0580,2026-06-20 00:00,1,Healthy
REC-0581,DEV-0059,CASE-0581,2026-06-17 00:00,4,Healthy
REC-0582,DEV-0010,CASE-0582,2026-05-27 00:00,25,Critical
REC-0583,DEV-0215,CASE-0583,2026-05-10 00:00,42,Critical
REC-0584,DEV-0003,CASE-0584,2026-05-20 00:00,32,Critical
REC-0585,DEV-0054,CASE-0585,2026-05-22 00:00,30,Critical
REC-0586,DEV-0077,CASE-0586,2026-06-11 00:00,10,Warning
REC-0587,DEV-0090,CASE-0587,2026-05-09 00:00,43,Critical
REC-0588,DEV-0116,CASE-0588,2026-05-20 00:00,32,Critical
REC-0589,DEV-0070,CASE-0589,2026-05-21 00:00,31,Critical
REC-0590,DEV-0065,CASE-0590,2026-06-12 00:00,9,Warning
REC-0591,DEV-0175,CASE-0591,2026-05-20 00:00,32,Critical
REC-0592,DEV-0070,CASE-0592,2026-06-10 00:00,11,Warning
REC-0593,DEV-0121,CASE-0593,2026-05-14 00:00,38,Critical
REC-0594,DEV-0071,CASE-0594,2026-05-21 00:00,31,Critical
REC-0595,DEV-0175,CASE-0595,2026-05-18 00:00,34,Critical
REC-0596,DEV-0045,CASE-0596,2026-06-09 00:00,12,Warning
REC-0597,DEV-0172,CASE-0597,2026-05-10 00:00,42,Critical
REC-0598,DEV-0150,CASE-0598,2026-05-18 00:00,34,Critical
REC-0599,DEV-0112,CASE-0599,2026-06-10 00:00,11,Warning
REC-0600,DEV-0083,CASE-0600,2026-06-06 00:00,15,Critical
REC-0601,DEV-0001,CASE-0601,2026-05-22 00:00,30,Critical
REC-0602,DEV-0245,CASE-0602,2026-06-03 00:00,18,Critical
REC-0603,DEV-0177,CASE-0603,2026-06-03 00:00,18,Critical
REC-0604,DEV-0222,CASE-0604,2026-05-24 00:00,28,Critical
REC-0605,DEV-0158,CASE-0605,2026-06-17 00:00,4,Healthy
REC-0606,DEV-0191,CASE-0606,2026-05-12 00:00,40,Critical
REC-0607,DEV-0158,CASE-0607,2026-06-20 00:00,1,Healthy
REC-0608,DEV-0236,CASE-0608,2026-06-19 00:00,2,Healthy
REC-0609,DEV-0162,CASE-0609,2026-05-24 00:00,28,Critical
REC-0610,DEV-0012,CASE-0610,2026-05-22 00:00,30,Critical
REC-0611,DEV-0077,CASE-0611,2026-06-18 00:00,3,Healthy
REC-0612,DEV-0187,CASE-0612,2026-05-30 00:00,22,Critical
REC-0613,DEV-0042,CASE-0613,2026-05-20 00:00,32,Critical
REC-0614,DEV-0154,CASE-0614,2026-06-10 00:00,11,Warning
REC-0615,DEV-0250,CASE-0615,2026-06-18 00:00,3,Healthy
REC-0616,DEV-0054,CASE-0616,2026-05-08 00:00,44,Critical
REC-0617,DEV-0230,CASE-0617,2026-06-12 00:00,9,Warning
REC-0618,DEV-0062,CASE-0618,2026-06-18 00:00,3,Healthy
REC-0619,DEV-0164,CASE-0619,2026-05-23 00:00,29,Critical
REC-0620,DEV-0065,CASE-0620,2026-05-10 00:00,42,Critical
REC-0621,DEV-0056,CASE-0621,2026-05-16 00:00,36,Critical
REC-0622,DEV-0160,CASE-0622,2026-06-05 00:00,16,Critical
REC-0623,DEV-0056,CASE-0623,2026-06-01 00:00,20,Critical
REC-0624,DEV-0015,CASE-0624,2026-06-01 00:00,20,Critical
REC-0625,DEV-0132,CASE-0625,2026-06-19 00:00,2,Healthy
REC-0626,DEV-0122,CASE-0626,2026-05-22 00:00,30,Critical
REC-0627,DEV-0204,CASE-0627,2026-06-13 00:00,8,Warning
REC-0628,DEV-0237,CASE-0628,2026-06-10 00:00,11,Warning
REC-0629,DEV-0164,CASE-0629,2026-05-12 00:00,40,Critical
REC-0630,DEV-0044,CASE-0630,2026-06-04 00:00,17,Critical
REC-0631,DEV-0236,CASE-0631,2026-06-06 00:00,15,Critical
REC-0632,DEV-0245,CASE-0632,2026-05-10 00:00,42,Critical
REC-0633,DEV-0112,CASE-0633,2026-06-05 00:00,16,Critical
REC-0634,DEV-0157,CASE-0634,2026-05-19 00:00,33,Critical
REC-0635,DEV-0221,CASE-0635,2026-05-18 00:00,34,Critical
REC-0636,DEV-0177,CASE-0636,2026-06-16 00:00,5,Healthy
REC-0637,DEV-0102,CASE-0637,2026-06-08 00:00,13,Warning
REC-0638,DEV-0187,CASE-0638,2026-05-10 00:00,42,Critical
REC-0639,DEV-0111,CASE-0639,2026-06-11 00:00,10,Warning
REC-0640,DEV-0228,CASE-0640,2026-05-09 00:00,43,Critical
REC-0641,DEV-0207,CASE-0641,2026-05-20 00:00,32,Critical
REC-0642,DEV-0247,CASE-0642,2026-05-09 00:00,43,Critical
REC-0643,DEV-0097,CASE-0643,2026-05-26 00:00,26,Critical
REC-0644,DEV-0116,CASE-0644,2026-05-20 00:00,32,Critical
REC-0645,DEV-0208,CASE-0645,2026-06-01 00:00,20,Critical
REC-0646,DEV-0125,CASE-0646,2026-06-16 00:00,5,Healthy
REC-0647,DEV-0159,CASE-0647,2026-05-25 00:00,27,Critical
REC-0648,DEV-0148,CASE-0648,2026-06-10 00:00,11,Warning
REC-0649,DEV-0021,CASE-0649,2026-06-13 00:00,8,Warning
REC-0650,DEV-0133,CASE-0650,2026-06-01 00:00,20,Critical
REC-0651,DEV-0212,CASE-0651,2026-05-19 00:00,33,Critical
REC-0652,DEV-0102,CASE-0652,2026-06-19 00:00,2,Healthy
REC-0653,DEV-0150,CASE-0653,2026-06-03 00:00,18,Critical
REC-0654,DEV-0029,CASE-0654,2026-05-19 00:00,33,Critical
REC-0655,DEV-0221,CASE-0655,2026-05-27 00:00,25,Critical
REC-0656,DEV-0241,CASE-0656,2026-05-09 00:00,43,Critical
REC-0657,DEV-0192,CASE-0657,2026-06-14 00:00,7,Healthy
REC-0658,DEV-0211,CASE-0658,2026-05-25 00:00,27,Critical
REC-0659,DEV-0077,CASE-0659,2026-05-14 00:00,38,Critical
REC-0660,DEV-0130,CASE-0660,2026-05-25 00:00,27,Critical
REC-0661,DEV-0205,CASE-0661,2026-05-18 00:00,34,Critical
REC-0662,DEV-0081,CASE-0662,2026-05-29 00:00,23,Critical
REC-0663,DEV-0078,CASE-0663,2026-06-20 00:00,1,Healthy
REC-0664,DEV-0069,CASE-0664,2026-06-12 00:00,9,Warning
REC-0665,DEV-0092,CASE-0665,2026-06-01 00:00,20,Critical
REC-0666,DEV-0090,CASE-0666,2026-05-24 00:00,28,Critical
REC-0667,DEV-0227,CASE-0667,2026-06-20 00:00,1,Healthy
REC-0668,DEV-0232,CASE-0668,2026-05-19 00:00,33,Critical
REC-0669,DEV-0033,CASE-0669,2026-05-29 00:00,23,Critical
REC-0670,DEV-0045,CASE-0670,2026-05-08 00:00,44,Critical
REC-0671,DEV-0162,CASE-0671,2026-05-21 00:00,31,Critical
REC-0672,DEV-0145,CASE-0672,2026-06-15 00:00,6,Healthy
REC-0673,DEV-0203,CASE-0673,2026-06-17 00:00,4,Healthy
REC-0674,DEV-0095,CASE-0674,2026-05-15 00:00,37,Critical
REC-0675,DEV-0219,CASE-0675,2026-06-10 00:00,11,Warning
REC-0676,DEV-0123,CASE-0676,2026-06-16 00:00,5,Healthy
REC-0677,DEV-0224,CASE-0677,2026-05-10 00:00,42,Critical
REC-0678,DEV-0126,CASE-0678,2026-05-13 00:00,39,Critical
REC-0679,DEV-0057,CASE-0679,2026-06-02 00:00,19,Critical
REC-0680,DEV-0226,CASE-0680,2026-05-28 00:00,24,Critical
REC-0681,DEV-0068,CASE-0681,2026-06-15 00:00,6,Healthy
REC-0682,DEV-0172,CASE-0682,2026-06-10 00:00,11,Warning
REC-0683,DEV-0242,CASE-0683,2026-06-17 00:00,4,Healthy
REC-0684,DEV-0013,CASE-0684,2026-05-25 00:00,27,Critical
REC-0685,DEV-0178,CASE-0685,2026-05-31 00:00,21,Critical
REC-0686,DEV-0018,CASE-0686,2026-06-12 00:00,9,Warning
REC-0687,DEV-0096,CASE-0687,2026-06-06 00:00,15,Critical
REC-0688,DEV-0009,CASE-0688,2026-06-10 00:00,11,Warning
REC-0689,DEV-0047,CASE-0689,2026-06-04 00:00,17,Critical
REC-0690,DEV-0057,CASE-0690,2026-06-16 00:00,5,Healthy
REC-0691,DEV-0247,CASE-0691,2026-06-14 00:00,7,Healthy
REC-0692,DEV-0173,CASE-0692,2026-06-18 00:00,3,Healthy
REC-0693,DEV-0156,CASE-0693,2026-06-17 00:00,4,Healthy
REC-0694,DEV-0066,CASE-0694,2026-06-17 00:00,4,Healthy
REC-0695,DEV-0017,CASE-0695,2026-06-17 00:00,4,Healthy
REC-0696,DEV-0165,CASE-0696,2026-06-05 00:00,16,Critical
REC-0697,DEV-0069,CASE-0697,2026-06-16 00:00,5,Healthy
REC-0698,DEV-0225,CASE-0698,2026-06-19 00:00,2,Healthy
REC-0699,DEV-0233,CASE-0699,2026-05-08 00:00,44,Critical
REC-0700,DEV-0164,CASE-0700,2026-06-19 00:00,2,Healthy
REC-0701,DEV-0134,CASE-0701,2026-05-25 00:00,27,Critical
REC-0702,DEV-0014,CASE-0702,2026-06-02 00:00,19,Critical
REC-0703,DEV-0187,CASE-0703,2026-06-08 00:00,13,Warning
REC-0704,DEV-0228,CASE-0704,2026-06-12 00:00,9,Warning
REC-0705,DEV-0174,CASE-0705,2026-06-10 00:00,11,Warning
REC-0706,DEV-0096,CASE-0706,2026-06-21 00:00,0,Healthy
REC-0707,DEV-0027,CASE-0707,2026-06-15 00:00,6,Healthy
REC-0708,DEV-0128,CASE-0708,2026-05-24 00:00,28,Critical
REC-0709,DEV-0057,CASE-0709,2026-06-13 00:00,8,Warning
REC-0710,DEV-0042,CASE-0710,2026-06-08 00:00,13,Warning
REC-0711,DEV-0207,CASE-0711,2026-05-14 00:00,38,Critical
REC-0712,DEV-0242,CASE-0712,2026-05-26 00:00,26,Critical
REC-0713,DEV-0156,CASE-0713,2026-06-10 00:00,11,Warning
REC-0714,DEV-0029,CASE-0714,2026-05-19 00:00,33,Critical
REC-0715,DEV-0059,CASE-0715,2026-06-05 00:00,16,Critical
REC-0716,DEV-0078,CASE-0716,2026-05-17 00:00,35,Critical
REC-0717,DEV-0060,CASE-0717,2026-06-18 00:00,3,Healthy
REC-0718,DEV-0004,CASE-0718,2026-05-10 00:00,42,Critical
REC-0719,DEV-0122,CASE-0719,2026-06-15 00:00,6,Healthy
REC-0720,DEV-0045,CASE-0720,2026-05-16 00:00,36,Critical
REC-0721,DEV-0110,CASE-0721,2026-06-04 00:00,17,Critical
REC-0722,DEV-0029,CASE-0722,2026-05-27 00:00,25,Critical
REC-0723,DEV-0215,CASE-0723,2026-06-13 00:00,8,Warning
REC-0724,DEV-0191,CASE-0724,2026-05-23 00:00,29,Critical
REC-0725,DEV-0178,CASE-0725,2026-05-20 00:00,32,Critical
REC-0726,DEV-0011,CASE-0726,2026-05-18 00:00,34,Critical
REC-0727,DEV-0213,CASE-0727,2026-06-20 00:00,1,Healthy
REC-0728,DEV-0062,CASE-0728,2026-05-12 00:00,40,Critical
REC-0729,DEV-0113,CASE-0729,2026-05-27 00:00,25,Critical
REC-0730,DEV-0121,CASE-0730,2026-06-03 00:00,18,Critical
REC-0731,DEV-0197,CASE-0731,2026-05-09 00:00,43,Critical
REC-0732,DEV-0007,CASE-0732,2026-05-11 00:00,41,Critical
REC-0733,DEV-0021,CASE-0733,2026-05-20 00:00,32,Critical
REC-0734,DEV-0214,CASE-0734,2026-06-05 00:00,16,Critical
REC-0735,DEV-0218,CASE-0735,2026-06-08 00:00,13,Warning
REC-0736,DEV-0104,CASE-0736,2026-06-10 00:00,11,Warning
REC-0737,DEV-0145,CASE-0737,2026-06-11 00:00,10,Warning
REC-0738,DEV-0200,CASE-0738,2026-06-19 00:00,2,Healthy
REC-0739,DEV-0229,CASE-0739,2026-05-11 00:00,41,Critical
REC-0740,DEV-0242,CASE-0740,2026-06-06 00:00,15,Critical
REC-0741,DEV-0119,CASE-0741,2026-05-10 00:00,42,Critical
REC-0742,DEV-0172,CASE-0742,2026-06-21 00:00,0,Healthy
REC-0743,DEV-0045,CASE-0743,2026-06-13 00:00,8,Warning
REC-0744,DEV-0025,CASE-0744,2026-06-14 00:00,7,Healthy
REC-0745,DEV-0106,CASE-0745,2026-06-04 00:00,17,Critical
REC-0746,DEV-0005,CASE-0746,2026-06-07 00:00,14,Warning
REC-0747,DEV-0243,CASE-0747,2026-06-01 00:00,20,Critical
REC-0748,DEV-0233,CASE-0748,2026-05-10 00:00,42,Critical
REC-0749,DEV-0220,CASE-0749,2026-05-13 00:00,39,Critical
REC-0750,DEV-0063,CASE-0750,2026-06-09 00:00,12,Warning
REC-0751,DEV-0175,CASE-0751,2026-06-02 00:00,19,Critical
REC-0752,DEV-0249,CASE-0752,2026-05-13 00:00,39,Critical
REC-0753,DEV-0048,CASE-0753,2026-05-23 00:00,29,Critical
REC-0754,DEV-0093,CASE-0754,2026-06-20 00:00,1,Healthy
REC-0755,DEV-0151,CASE-0755,2026-05-25 00:00,27,Critical
REC-0756,DEV-0059,CASE-0756,2026-05-30 00:00,22,Critical
REC-0757,DEV-0175,CASE-0757,2026-06-05 00:00,16,Critical
REC-0758,DEV-0155,CASE-0758,2026-06-18 00:00,3,Healthy
REC-0759,DEV-0139,CASE-0759,2026-06-14 00:00,7,Healthy
REC-0760,DEV-0224,CASE-0760,2026-05-20 00:00,32,Critical
REC-0761,DEV-0067,CASE-0761,2026-06-06 00:00,15,Critical
REC-0762,DEV-0152,CASE-0762,2026-06-14 00:00,7,Healthy
REC-0763,DEV-0066,CASE-0763,2026-05-14 00:00,38,Critical
REC-0764,DEV-0234,CASE-0764,2026-06-02 00:00,19,Critical
REC-0765,DEV-0110,CASE-0765,2026-06-14 00:00,7,Healthy
REC-0766,DEV-0105,CASE-0766,2026-06-20 00:00,1,Healthy
REC-0767,DEV-0220,CASE-0767,2026-06-08 00:00,13,Warning
REC-0768,DEV-0184,CASE-0768,2026-05-29 00:00,23,Critical
REC-0769,DEV-0078,CASE-0769,2026-05-29 00:00,23,Critical
REC-0770,DEV-0201,CASE-0770,2026-06-07 00:00,14,Warning
REC-0771,DEV-0094,CASE-0771,2026-05-14 00:00,38,Critical
REC-0772,DEV-0036,CASE-0772,2026-06-01 00:00,20,Critical
REC-0773,DEV-0023,CASE-0773,2026-06-11 00:00,10,Warning
REC-0774,DEV-0049,CASE-0774,2026-05-20 00:00,32,Critical
REC-0775,DEV-0008,CASE-0775,2026-05-16 00:00,36,Critical
REC-0776,DEV-0083,CASE-0776,2026-06-03 00:00,18,Critical
REC-0777,DEV-0013,CASE-0777,2026-05-23 00:00,29,Critical
REC-0778,DEV-0016,CASE-0778,2026-05-23 00:00,29,Critical
REC-0779,DEV-0219,CASE-0779,2026-06-02 00:00,19,Critical
REC-0780,DEV-0023,CASE-0780,2026-05-18 00:00,34,Critical
REC-0781,DEV-0195,CASE-0781,2026-05-09 00:00,43,Critical
REC-0782,DEV-0184,CASE-0782,2026-06-08 00:00,13,Warning
REC-0783,DEV-0121,CASE-0783,2026-05-28 00:00,24,Critical
REC-0784,DEV-0094,CASE-0784,2026-06-18 00:00,3,Healthy
REC-0785,DEV-0131,CASE-0785,2026-05-18 00:00,34,Critical
REC-0786,DEV-0028,CASE-0786,2026-06-19 00:00,2,Healthy
REC-0787,DEV-0154,CASE-0787,2026-06-01 00:00,20,Critical
REC-0788,DEV-0149,CASE-0788,2026-05-20 00:00,32,Critical
REC-0789,DEV-0124,CASE-0789,2026-05-29 00:00,23,Critical
REC-0790,DEV-0207,CASE-0790,2026-05-24 00:00,28,Critical
REC-0791,DEV-0228,CASE-0791,2026-05-27 00:00,25,Critical
REC-0792,DEV-0098,CASE-0792,2026-06-10 00:00,11,Warning
REC-0793,DEV-0157,CASE-0793,2026-06-19 00:00,2,Healthy
REC-0794,DEV-0206,CASE-0794,2026-05-25 00:00,27,Critical
REC-0795,DEV-0007,CASE-0795,2026-05-27 00:00,25,Critical
REC-0796,DEV-0101,CASE-0796,2026-06-18 00:00,3,Healthy
REC-0797,DEV-0117,CASE-0797,2026-06-21 00:00,0,Healthy
REC-0798,DEV-0028,CASE-0798,2026-06-10 00:00,11,Warning
REC-0799,DEV-0104,CASE-0799,2026-05-16 00:00,36,Critical
REC-0800,DEV-0058,CASE-0800,2026-05-30 00:00,22,Critical
REC-0801,DEV-0034,CASE-0801,2026-05-12 00:00,40,Critical
REC-0802,DEV-0038,CASE-0802,2026-05-22 00:00,30,Critical
REC-0803,DEV-0045,CASE-0803,2026-05-16 00:00,36,Critical
REC-0804,DEV-0244,CASE-0804,2026-05-21 00:00,31,Critical
REC-0805,DEV-0063,CASE-0805,2026-06-04 00:00,17,Critical
REC-0806,DEV-0216,CASE-0806,2026-06-07 00:00,14,Warning
REC-0807,DEV-0155,CASE-0807,2026-05-31 00:00,21,Critical
REC-0808,DEV-0069,CASE-0808,2026-06-07 00:00,14,Warning
REC-0809,DEV-0245,CASE-0809,2026-06-15 00:00,6,Healthy
REC-0810,DEV-0092,CASE-0810,2026-05-31 00:00,21,Critical
REC-0811,DEV-0146,CASE-0811,2026-06-10 00:00,11,Warning
REC-0812,DEV-0218,CASE-0812,2026-05-18 00:00,34,Critical
REC-0813,DEV-0089,CASE-0813,2026-06-21 00:00,0,Healthy
REC-0814,DEV-0193,CASE-0814,2026-06-09 00:00,12,Warning
REC-0815,DEV-0190,CASE-0815,2026-05-12 00:00,40,Critical
REC-0816,DEV-0145,CASE-0816,2026-05-13 00:00,39,Critical
REC-0817,DEV-0037,CASE-0817,2026-05-23 00:00,29,Critical
REC-0818,DEV-0170,CASE-0818,2026-06-13 00:00,8,Warning
REC-0819,DEV-0073,CASE-0819,2026-06-17 00:00,4,Healthy
REC-0820,DEV-0239,CASE-0820,2026-05-28 00:00,24,Critical
REC-0821,DEV-0020,CASE-0821,2026-05-12 00:00,40,Critical
REC-0822,DEV-0127,CASE-0822,2026-06-01 00:00,20,Critical
REC-0823,DEV-0222,CASE-0823,2026-06-08 00:00,13,Warning
REC-0824,DEV-0113,CASE-0824,2026-06-12 00:00,9,Warning
REC-0825,DEV-0076,CASE-0825,2026-06-04 00:00,17,Critical
REC-0826,DEV-0051,CASE-0826,2026-05-29 00:00,23,Critical
REC-0827,DEV-0071,CASE-0827,2026-05-09 00:00,43,Critical
REC-0828,DEV-0075,CASE-0828,2026-05-09 00:00,43,Critical
REC-0829,DEV-0236,CASE-0829,2026-06-02 00:00,19,Critical
REC-0830,DEV-0002,CASE-0830,2026-06-11 00:00,10,Warning
REC-0831,DEV-0122,CASE-0831,2026-05-25 00:00,27,Critical
REC-0832,DEV-0018,CASE-0832,2026-05-15 00:00,37,Critical
REC-0833,DEV-0171,CASE-0833,2026-05-17 00:00,35,Critical
REC-0834,DEV-0184,CASE-0834,2026-05-17 00:00,35,Critical
REC-0835,DEV-0134,CASE-0835,2026-05-30 00:00,22,Critical
REC-0836,DEV-0186,CASE-0836,2026-06-12 00:00,9,Warning
REC-0837,DEV-0085,CASE-0837,2026-06-03 00:00,18,Critical
REC-0838,DEV-0086,CASE-0838,2026-05-12 00:00,40,Critical
REC-0839,DEV-0173,CASE-0839,2026-06-17 00:00,4,Healthy
REC-0840,DEV-0015,CASE-0840,2026-06-18 00:00,3,Healthy
REC-0841,DEV-0164,CASE-0841,2026-05-08 00:00,44,Critical
REC-0842,DEV-0156,CASE-0842,2026-05-29 00:00,23,Critical
REC-0843,DEV-0068,CASE-0843,2026-06-19 00:00,2,Healthy
REC-0844,DEV-0140,CASE-0844,2026-06-10 00:00,11,Warning
REC-0845,DEV-0073,CASE-0845,2026-06-16 00:00,5,Healthy
REC-0846,DEV-0128,CASE-0846,2026-06-06 00:00,15,Critical
REC-0847,DEV-0207,CASE-0847,2026-05-13 00:00,39,Critical
REC-0848,DEV-0247,CASE-0848,2026-06-08 00:00,13,Warning
REC-0849,DEV-0152,CASE-0849,2026-06-18 00:00,3,Healthy
REC-0850,DEV-0178,CASE-0850,2026-06-16 00:00,5,Healthy
REC-0851,DEV-0082,CASE-0851,2026-05-22 00:00,30,Critical
REC-0852,DEV-0186,CASE-0852,2026-05-08 00:00,44,Critical
REC-0853,DEV-0067,CASE-0853,2026-05-26 00:00,26,Critical
REC-0854,DEV-0071,CASE-0854,2026-06-03 00:00,18,Critical
REC-0855,DEV-0176,CASE-0855,2026-05-18 00:00,34,Critical
REC-0856,DEV-0020,CASE-0856,2026-05-31 00:00,21,Critical
REC-0857,DEV-0205,CASE-0857,2026-06-20 00:00,1,Healthy
REC-0858,DEV-0136,CASE-0858,2026-05-12 00:00,40,Critical
REC-0859,DEV-0113,CASE-0859,2026-06-08 00:00,13,Warning
REC-0860,DEV-0061,CASE-0860,2026-06-12 00:00,9,Warning
REC-0861,DEV-0129,CASE-0861,2026-06-07 00:00,14,Warning
REC-0862,DEV-0103,CASE-0862,2026-05-15 00:00,37,Critical
REC-0863,DEV-0136,CASE-0863,2026-05-24 00:00,28,Critical
REC-0864,DEV-0018,CASE-0864,2026-06-20 00:00,1,Healthy
REC-0865,DEV-0154,CASE-0865,2026-05-17 00:00,35,Critical
REC-0866,DEV-0190,CASE-0866,2026-05-18 00:00,34,Critical
REC-0867,DEV-0033,CASE-0867,2026-05-16 00:00,36,Critical
REC-0868,DEV-0246,CASE-0868,2026-05-14 00:00,38,Critical
REC-0869,DEV-0079,CASE-0869,2026-06-02 00:00,19,Critical
REC-0870,DEV-0028,CASE-0870,2026-06-16 00:00,5,Healthy
REC-0871,DEV-0079,CASE-0871,2026-05-17 00:00,35,Critical
REC-0872,DEV-0219,CASE-0872,2026-06-12 00:00,9,Warning
REC-0873,DEV-0241,CASE-0873,2026-05-12 00:00,40,Critical
REC-0874,DEV-0244,CASE-0874,2026-06-06 00:00,15,Critical
REC-0875,DEV-0248,CASE-0875,2026-05-11 00:00,41,Critical
REC-0876,DEV-0036,CASE-0876,2026-05-27 00:00,25,Critical
REC-0877,DEV-0112,CASE-0877,2026-06-03 00:00,18,Critical
REC-0878,DEV-0003,CASE-0878,2026-06-19 00:00,2,Healthy
REC-0879,DEV-0186,CASE-0879,2026-05-17 00:00,35,Critical
REC-0880,DEV-0072,CASE-0880,2026-06-06 00:00,15,Critical
REC-0881,DEV-0228,CASE-0881,2026-05-16 00:00,36,Critical
REC-0882,DEV-0087,CASE-0882,2026-05-21 00:00,31,Critical
REC-0883,DEV-0001,CASE-0883,2026-05-13 00:00,39,Critical
REC-0884,DEV-0074,CASE-0884,2026-05-26 00:00,26,Critical
REC-0885,DEV-0058,CASE-0885,2026-06-09 00:00,12,Warning
REC-0886,DEV-0246,CASE-0886,2026-06-02 00:00,19,Critical
REC-0887,DEV-0057,CASE-0887,2026-05-30 00:00,22,Critical
REC-0888,DEV-0150,CASE-0888,2026-05-19 00:00,33,Critical
REC-0889,DEV-0205,CASE-0889,2026-06-19 00:00,2,Healthy
REC-0890,DEV-0031,CASE-0890,2026-06-03 00:00,18,Critical
REC-0891,DEV-0077,CASE-0891,2026-05-31 00:00,21,Critical
REC-0892,DEV-0032,CASE-0892,2026-06-13 00:00,8,Warning
REC-0893,DEV-0051,CASE-0893,2026-06-06 00:00,15,Critical
REC-0894,DEV-0239,CASE-0894,2026-06-02 00:00,19,Critical
REC-0895,DEV-0148,CASE-0895,2026-06-19 00:00,2,Healthy
REC-0896,DEV-0145,CASE-0896,2026-05-24 00:00,28,Critical
REC-0897,DEV-0180,CASE-0897,2026-05-15 00:00,37,Critical
REC-0898,DEV-0090,CASE-0898,2026-06-12 00:00,9,Warning
REC-0899,DEV-0153,CASE-0899,2026-06-07 00:00,14,Warning
REC-0900,DEV-0024,CASE-0900,2026-06-09 00:00,12,Warning
REC-0901,DEV-0090,CASE-0901,2026-06-07 00:00,14,Warning
REC-0902,DEV-0205,CASE-0902,2026-05-26 00:00,26,Critical
REC-0903,DEV-0137,CASE-0903,2026-06-12 00:00,9,Warning
REC-0904,DEV-0019,CASE-0904,2026-06-04 00:00,17,Critical
REC-0905,DEV-0102,CASE-0905,2026-06-14 00:00,7,Healthy
REC-0906,DEV-0100,CASE-0906,2026-06-02 00:00,19,Critical
REC-0907,DEV-0093,CASE-0907,2026-05-22 00:00,30,Critical
REC-0908,DEV-0187,CASE-0908,2026-06-20 00:00,1,Healthy
REC-0909,DEV-0198,CASE-0909,2026-06-01 00:00,20,Critical
REC-0910,DEV-0188,CASE-0910,2026-05-14 00:00,38,Critical
REC-0911,DEV-0195,CASE-0911,2026-06-09 00:00,12,Warning
REC-0912,DEV-0048,CASE-0912,2026-06-04 00:00,17,Critical
REC-0913,DEV-0003,CASE-0913,2026-05-09 00:00,43,Critical
REC-0914,DEV-0030,CASE-0914,2026-05-21 00:00,31,Critical
REC-0915,DEV-0111,CASE-0915,2026-05-17 00:00,35,Critical
REC-0916,DEV-0194,CASE-0916,2026-06-16 00:00,5,Healthy
REC-0917,DEV-0012,CASE-0917,2026-05-29 00:00,23,Critical
REC-0918,DEV-0046,CASE-0918,2026-06-11 00:00,10,Warning
REC-0919,DEV-0142,CASE-0919,2026-06-02 00:00,19,Critical
REC-0920,DEV-0045,CASE-0920,2026-05-20 00:00,32,Critical
REC-0921,DEV-0152,CASE-0921,2026-05-25 00:00,27,Critical
REC-0922,DEV-0106,CASE-0922,2026-06-05 00:00,16,Critical
REC-0923,DEV-0007,CASE-0923,2026-06-12 00:00,9,Warning
REC-0924,DEV-0013,CASE-0924,2026-05-12 00:00,40,Critical
REC-0925,DEV-0055,CASE-0925,2026-06-21 00:00,0,Healthy
REC-0926,DEV-0185,CASE-0926,2026-05-08 00:00,44,Critical
REC-0927,DEV-0156,CASE-0927,2026-06-15 00:00,6,Healthy
REC-0928,DEV-0218,CASE-0928,2026-06-14 00:00,7,Healthy
REC-0929,DEV-0089,CASE-0929,2026-05-17 00:00,35,Critical
REC-0930,DEV-0127,CASE-0930,2026-06-01 00:00,20,Critical
REC-0931,DEV-0172,CASE-0931,2026-06-12 00:00,9,Warning
REC-0932,DEV-0149,CASE-0932,2026-06-20 00:00,1,Healthy
REC-0933,DEV-0236,CASE-0933,2026-05-21 00:00,31,Critical
REC-0934,DEV-0115,CASE-0934,2026-05-19 00:00,33,Critical
REC-0935,DEV-0022,CASE-0935,2026-06-17 00:00,4,Healthy
REC-0936,DEV-0022,CASE-0936,2026-05-30 00:00,22,Critical
REC-0937,DEV-0115,CASE-0937,2026-06-03 00:00,18,Critical
REC-0938,DEV-0012,CASE-0938,2026-06-03 00:00,18,Critical
REC-0939,DEV-0148,CASE-0939,2026-06-01 00:00,20,Critical
REC-0940,DEV-0116,CASE-0940,2026-05-29 00:00,23,Critical
REC-0941,DEV-0176,CASE-0941,2026-05-13 00:00,39,Critical
REC-0942,DEV-0119,CASE-0942,2026-06-17 00:00,4,Healthy
REC-0943,DEV-0240,CASE-0943,2026-05-24 00:00,28,Critical
REC-0944,DEV-0024,CASE-0944,2026-05-13 00:00,39,Critical
REC-0945,DEV-0023,CASE-0945,2026-06-02 00:00,19,Critical
REC-0946,DEV-0178,CASE-0946,2026-06-17 00:00,4,Healthy
REC-0947,DEV-0211,CASE-0947,2026-06-18 00:00,3,Healthy
REC-0948,DEV-0036,CASE-0948,2026-06-02 00:00,19,Critical
REC-0949,DEV-0053,CASE-0949,2026-06-06 00:00,15,Critical
REC-0950,DEV-0115,CASE-0950,2026-06-18 00:00,3,Healthy
REC-0951,DEV-0100,CASE-0951,2026-05-12 00:00,40,Critical
REC-0952,DEV-0245,CASE-0952,2026-06-16 00:00,5,Healthy
REC-0953,DEV-0141,CASE-0953,2026-05-11 00:00,41,Critical
REC-0954,DEV-0038,CASE-0954,2026-06-07 00:00,14,Warning
REC-0955,DEV-0072,CASE-0955,2026-05-16 00:00,36,Critical
REC-0956,DEV-0136,CASE-0956,2026-06-04 00:00,17,Critical
REC-0957,DEV-0248,CASE-0957,2026-06-02 00:00,19,Critical
REC-0958,DEV-0113,CASE-0958,2026-06-02 00:00,19,Critical
REC-0959,DEV-0001,CASE-0959,2026-05-16 00:00,36,Critical
REC-0960,DEV-0042,CASE-0960,2026-05-13 00:00,39,Critical
REC-0961,DEV-0052,CASE-0961,2026-05-14 00:00,38,Critical
REC-0962,DEV-0189,CASE-0962,2026-06-18 00:00,3,Healthy
REC-0963,DEV-0163,CASE-0963,2026-06-07 00:00,14,Warning
REC-0964,DEV-0034,CASE-0964,2026-05-11 00:00,41,Critical
REC-0965,DEV-0003,CASE-0965,2026-05-11 00:00,41,Critical
REC-0966,DEV-0128,CASE-0966,2026-06-19 00:00,2,Healthy
REC-0967,DEV-0099,CASE-0967,2026-06-17 00:00,4,Healthy
REC-0968,DEV-0177,CASE-0968,2026-05-20 00:00,32,Critical
REC-0969,DEV-0181,CASE-0969,2026-05-21 00:00,31,Critical
REC-0970,DEV-0145,CASE-0970,2026-05-11 00:00,41,Critical
REC-0971,DEV-0149,CASE-0971,2026-05-19 00:00,33,Critical
REC-0972,DEV-0097,CASE-0972,2026-06-05 00:00,16,Critical
REC-0973,DEV-0027,CASE-0973,2026-06-17 00:00,4,Healthy
REC-0974,DEV-0118,CASE-0974,2026-06-16 00:00,5,Healthy
REC-0975,DEV-0180,CASE-0975,2026-06-13 00:00,8,Warning
REC-0976,DEV-0053,CASE-0976,2026-06-16 00:00,5,Healthy
REC-0977,DEV-0150,CASE-0977,2026-06-01 00:00,20,Critical
REC-0978,DEV-0090,CASE-0978,2026-06-14 00:00,7,Healthy
REC-0979,DEV-0058,CASE-0979,2026-05-25 00:00,27,Critical
REC-0980,DEV-0207,CASE-0980,2026-05-28 00:00,24,Critical
REC-0981,DEV-0138,CASE-0981,2026-05-24 00:00,28,Critical
REC-0982,DEV-0023,CASE-0982,2026-05-22 00:00,30,Critical
REC-0983,DEV-0200,CASE-0983,2026-05-19 00:00,33,Critical
REC-0984,DEV-0230,CASE-0984,2026-05-15 00:00,37,Critical
REC-0985,DEV-0002,CASE-0985,2026-06-08 00:00,13,Warning
REC-0986,DEV-0249,CASE-0986,2026-06-07 00:00,14,Warning
REC-0987,DEV-0236,CASE-0987,2026-05-11 00:00,41,Critical
REC-0988,DEV-0116,CASE-0988,2026-06-13 00:00,8,Warning
REC-0989,DEV-0041,CASE-0989,2026-05-10 00:00,42,Critical
REC-0990,DEV-0082,CASE-0990,2026-05-22 00:00,30,Critical
REC-0991,DEV-0033,CASE-0991,2026-05-28 00:00,24,Critical
REC-0992,DEV-0182,CASE-0992,2026-05-27 00:00,25,Critical
REC-0993,DEV-0015,CASE-0993,2026-05-17 00:00,35,Critical
REC-0994,DEV-0135,CASE-0994,2026-05-24 00:00,28,Critical
REC-0995,DEV-0099,CASE-0995,2026-06-20 00:00,1,Healthy
REC-0996,DEV-0129,CASE-0996,2026-05-29 00:00,23,Critical
REC-0997,DEV-0100,CASE-0997,2026-05-14 00:00,38,Critical
REC-0998,DEV-0021,CASE-0998,2026-05-08 00:00,44,Critical
REC-0999,DEV-0134,CASE-0999,2026-05-29 00:00,23,Critical
REC-1000,DEV-0242,CASE-1000,2026-05-08 00:00,44,Critical
