recommendation_id,device_id,case_id,accuracy,approval_rate,outcome_success,false_positive_rate,trust_index,weight_accuracy,weight_approval_rate,weight_outcome_success,weight_false_positive_inverse
REC-0001,DEV-0103,CASE-0001,84.4,86.1,78.9,6.3,85.3,0.3,0.25,0.25,0.2
REC-0002,DEV-0038,CASE-0002,82.8,66.9,69.8,10.4,76.9,0.3,0.25,0.25,0.2
REC-0003,DEV-0244,CASE-0003,81.3,72.5,65.6,2.6,78.4,0.3,0.25,0.25,0.2
REC-0004,DEV-0172,CASE-0004,86.3,84.0,79.3,3.6,86.0,0.3,0.25,0.25,0.2
REC-0005,DEV-0228,CASE-0005,74.8,84.7,85.3,11.7,82.6,0.3,0.25,0.25,0.2
REC-0006,DEV-0089,CASE-0006,74.0,84.8,89.5,10.9,83.6,0.3,0.25,0.25,0.2
REC-0007,DEV-0162,CASE-0007,72.1,79.5,80.9,7.7,80.2,0.3,0.25,0.25,0.2
REC-0008,DEV-0103,CASE-0008,83.3,79.5,94.0,9.1,86.5,0.3,0.25,0.25,0.2
REC-0009,DEV-0036,CASE-0009,88.3,76.6,85.2,5.4,85.9,0.3,0.25,0.25,0.2
REC-0010,DEV-0225,CASE-0010,79.7,80.9,66.5,9.6,78.8,0.3,0.25,0.25,0.2
REC-0011,DEV-0113,CASE-0011,91.5,72.2,91.4,6.7,87.0,0.3,0.25,0.25,0.2
REC-0012,DEV-0147,CASE-0012,76.3,66.9,91.3,11.9,80.1,0.3,0.25,0.25,0.2
REC-0013,DEV-0097,CASE-0013,82.1,60.5,73.3,7.5,76.6,0.3,0.25,0.25,0.2
REC-0014,DEV-0220,CASE-0014,85.7,75.8,89.2,9.1,85.1,0.3,0.25,0.25,0.2
REC-0015,DEV-0233,CASE-0015,78.3,68.0,89.4,8.3,81.2,0.3,0.25,0.25,0.2
REC-0016,DEV-0093,CASE-0016,76.0,65.7,87.9,3.7,80.5,0.3,0.25,0.25,0.2
REC-0017,DEV-0204,CASE-0017,88.6,73.6,69.3,8.9,80.5,0.3,0.25,0.25,0.2
REC-0018,DEV-0061,CASE-0018,75.4,68.1,73.9,8.9,76.3,0.3,0.25,0.25,0.2
REC-0019,DEV-0225,CASE-0019,90.8,60.6,88.5,2.1,84.1,0.3,0.25,0.25,0.2
REC-0020,DEV-0234,CASE-0020,84.7,72.1,83.1,4.4,83.3,0.3,0.25,0.25,0.2
REC-0021,DEV-0065,CASE-0021,72.2,70.0,67.1,10.9,73.8,0.3,0.25,0.25,0.2
REC-0022,DEV-0170,CASE-0022,76.2,69.0,77.6,7.5,78.0,0.3,0.25,0.25,0.2
REC-0023,DEV-0013,CASE-0023,90.8,70.6,65.7,9.7,79.4,0.3,0.25,0.25,0.2
REC-0024,DEV-0122,CASE-0024,74.0,76.2,88.3,4.8,82.4,0.3,0.25,0.25,0.2
REC-0025,DEV-0144,CASE-0025,82.8,55.5,88.3,9.0,79.0,0.3,0.25,0.25,0.2
REC-0026,DEV-0222,CASE-0026,77.6,67.9,85.2,5.6,80.4,0.3,0.25,0.25,0.2
REC-0027,DEV-0219,CASE-0027,75.9,72.1,86.0,5.2,81.3,0.3,0.25,0.25,0.2
REC-0028,DEV-0012,CASE-0028,74.9,82.4,72.3,7.1,79.7,0.3,0.25,0.25,0.2
REC-0029,DEV-0120,CASE-0029,88.6,65.5,83.8,6.6,82.6,0.3,0.25,0.25,0.2
REC-0030,DEV-0113,CASE-0030,85.7,74.5,88.9,8.6,84.8,0.3,0.25,0.25,0.2
REC-0031,DEV-0076,CASE-0031,78.3,57.0,65.1,11.0,71.8,0.3,0.25,0.25,0.2
REC-0032,DEV-0109,CASE-0032,94.6,58.1,79.1,3.5,82.0,0.3,0.25,0.25,0.2
REC-0033,DEV-0170,CASE-0033,94.8,63.1,79.5,3.7,83.4,0.3,0.25,0.25,0.2
REC-0034,DEV-0070,CASE-0034,80.0,63.8,78.8,6.2,78.4,0.3,0.25,0.25,0.2
REC-0035,DEV-0001,CASE-0035,79.9,58.5,79.1,10.5,76.3,0.3,0.25,0.25,0.2
REC-0036,DEV-0227,CASE-0036,89.5,78.8,75.6,9.1,83.6,0.3,0.25,0.25,0.2
REC-0037,DEV-0122,CASE-0037,83.2,60.0,77.2,3.3,78.6,0.3,0.25,0.25,0.2
REC-0038,DEV-0046,CASE-0038,74.7,55.8,73.2,5.3,73.6,0.3,0.25,0.25,0.2
REC-0039,DEV-0011,CASE-0039,88.8,72.8,89.9,3.8,86.6,0.3,0.25,0.25,0.2
REC-0040,DEV-0181,CASE-0040,78.4,86.1,77.9,9.9,82.5,0.3,0.25,0.25,0.2
REC-0041,DEV-0154,CASE-0041,83.8,70.5,69.3,10.5,78.0,0.3,0.25,0.25,0.2
REC-0042,DEV-0103,CASE-0042,73.9,65.2,84.5,7.1,78.2,0.3,0.25,0.25,0.2
REC-0043,DEV-0029,CASE-0043,93.2,56.3,83.8,6.8,81.6,0.3,0.25,0.25,0.2
REC-0044,DEV-0183,CASE-0044,75.7,79.5,76.9,7.3,80.4,0.3,0.25,0.25,0.2
REC-0045,DEV-0021,CASE-0045,95.2,71.0,88.9,9.7,86.6,0.3,0.25,0.25,0.2
REC-0046,DEV-0121,CASE-0046,87.9,84.6,72.3,10.2,83.6,0.3,0.25,0.25,0.2
REC-0047,DEV-0215,CASE-0047,81.1,81.8,79.3,10.6,82.5,0.3,0.25,0.25,0.2
REC-0048,DEV-0202,CASE-0048,93.5,74.7,79.7,9.8,84.7,0.3,0.25,0.25,0.2
REC-0049,DEV-0111,CASE-0049,78.4,55.5,76.8,7.1,75.2,0.3,0.25,0.25,0.2
REC-0050,DEV-0070,CASE-0050,79.1,67.7,68.9,4.8,76.9,0.3,0.25,0.25,0.2
REC-0051,DEV-0079,CASE-0051,77.8,64.9,73.7,7.6,76.5,0.3,0.25,0.25,0.2
REC-0052,DEV-0212,CASE-0052,78.0,86.1,79.8,3.3,84.2,0.3,0.25,0.25,0.2
REC-0053,DEV-0151,CASE-0053,78.7,79.1,65.4,11.4,77.5,0.3,0.25,0.25,0.2
REC-0054,DEV-0062,CASE-0054,82.7,72.2,93.7,7.0,84.9,0.3,0.25,0.25,0.2
REC-0055,DEV-0060,CASE-0055,94.7,85.2,92.3,10.1,90.8,0.3,0.25,0.25,0.2
REC-0056,DEV-0097,CASE-0056,79.1,66.4,75.6,11.8,76.9,0.3,0.25,0.25,0.2
REC-0057,DEV-0192,CASE-0057,80.7,58.6,87.6,5.7,79.6,0.3,0.25,0.25,0.2
REC-0058,DEV-0123,CASE-0058,86.9,85.5,81.7,8.4,86.2,0.3,0.25,0.25,0.2
REC-0059,DEV-0155,CASE-0059,87.4,75.2,69.6,6.6,81.1,0.3,0.25,0.25,0.2
REC-0060,DEV-0218,CASE-0060,72.2,75.7,81.7,5.2,80.0,0.3,0.25,0.25,0.2
REC-0061,DEV-0246,CASE-0061,84.6,71.3,72.3,4.9,80.3,0.3,0.25,0.25,0.2
REC-0062,DEV-0201,CASE-0062,90.3,79.9,78.6,9.2,84.9,0.3,0.25,0.25,0.2
REC-0063,DEV-0108,CASE-0063,82.8,83.1,74.7,11.3,82.0,0.3,0.25,0.25,0.2
REC-0064,DEV-0148,CASE-0064,85.0,72.7,84.5,5.4,83.7,0.3,0.25,0.25,0.2
REC-0065,DEV-0001,CASE-0065,89.4,65.6,76.5,8.7,80.6,0.3,0.25,0.25,0.2
REC-0066,DEV-0124,CASE-0066,81.1,61.6,90.3,11.2,80.1,0.3,0.25,0.25,0.2
REC-0067,DEV-0051,CASE-0067,87.0,81.8,93.6,8.1,88.3,0.3,0.25,0.25,0.2
REC-0068,DEV-0161,CASE-0068,93.8,66.9,85.3,2.6,85.7,0.3,0.25,0.25,0.2
REC-0069,DEV-0166,CASE-0069,90.9,82.4,76.6,8.4,85.3,0.3,0.25,0.25,0.2
REC-0070,DEV-0009,CASE-0070,92.6,84.2,68.1,10.3,83.8,0.3,0.25,0.25,0.2
REC-0071,DEV-0100,CASE-0071,78.6,79.0,74.4,2.6,81.4,0.3,0.25,0.25,0.2
REC-0072,DEV-0237,CASE-0072,77.0,68.5,86.5,3.0,81.2,0.3,0.25,0.25,0.2
REC-0073,DEV-0011,CASE-0073,91.5,87.9,87.9,6.7,90.1,0.3,0.25,0.25,0.2
REC-0074,DEV-0109,CASE-0074,85.6,55.2,71.1,11.0,75.1,0.3,0.25,0.25,0.2
REC-0075,DEV-0222,CASE-0075,72.5,84.9,68.3,3.3,79.4,0.3,0.25,0.25,0.2
REC-0076,DEV-0200,CASE-0076,76.2,81.4,78.9,3.5,82.2,0.3,0.25,0.25,0.2
REC-0077,DEV-0137,CASE-0077,88.5,86.0,81.6,3.0,87.8,0.3,0.25,0.25,0.2
REC-0078,DEV-0098,CASE-0078,73.3,81.3,83.2,11.2,80.9,0.3,0.25,0.25,0.2
REC-0079,DEV-0108,CASE-0079,85.1,57.1,76.7,8.6,77.3,0.3,0.25,0.25,0.2
REC-0080,DEV-0245,CASE-0080,81.2,88.0,76.8,7.5,84.1,0.3,0.25,0.25,0.2
REC-0081,DEV-0146,CASE-0081,77.4,60.0,83.7,7.9,77.6,0.3,0.25,0.25,0.2
REC-0082,DEV-0077,CASE-0082,72.1,64.4,83.7,10.1,76.6,0.3,0.25,0.25,0.2
REC-0083,DEV-0047,CASE-0083,79.5,76.4,72.7,8.9,79.3,0.3,0.25,0.25,0.2
REC-0084,DEV-0142,CASE-0084,88.8,59.3,84.3,5.3,81.5,0.3,0.25,0.25,0.2
REC-0085,DEV-0226,CASE-0085,76.1,71.5,78.1,9.7,78.3,0.3,0.25,0.25,0.2
REC-0086,DEV-0067,CASE-0086,74.0,81.1,68.1,4.1,78.7,0.3,0.25,0.25,0.2
REC-0087,DEV-0155,CASE-0087,84.4,70.3,93.7,7.9,84.7,0.3,0.25,0.25,0.2
REC-0088,DEV-0039,CASE-0088,79.9,84.7,74.1,4.7,82.7,0.3,0.25,0.25,0.2
REC-0089,DEV-0156,CASE-0089,83.9,85.1,85.5,8.8,86.1,0.3,0.25,0.25,0.2
REC-0090,DEV-0014,CASE-0090,89.4,76.8,87.0,3.9,87.0,0.3,0.25,0.25,0.2
REC-0091,DEV-0226,CASE-0091,76.3,67.0,89.7,9.1,80.2,0.3,0.25,0.25,0.2
REC-0092,DEV-0092,CASE-0092,85.6,55.6,71.8,10.0,75.5,0.3,0.25,0.25,0.2
REC-0093,DEV-0015,CASE-0093,77.8,79.1,70.4,8.1,79.1,0.3,0.25,0.25,0.2
REC-0094,DEV-0148,CASE-0094,87.1,79.8,77.7,8.3,83.8,0.3,0.25,0.25,0.2
REC-0095,DEV-0205,CASE-0095,83.7,86.3,80.1,4.1,85.9,0.3,0.25,0.25,0.2
REC-0096,DEV-0145,CASE-0096,88.0,73.1,88.3,3.8,86.0,0.3,0.25,0.25,0.2
REC-0097,DEV-0150,CASE-0097,78.3,85.4,92.0,6.4,86.6,0.3,0.25,0.25,0.2
REC-0098,DEV-0041,CASE-0098,73.1,65.1,72.2,6.1,75.0,0.3,0.25,0.25,0.2
REC-0099,DEV-0188,CASE-0099,79.6,82.4,65.1,8.4,79.1,0.3,0.25,0.25,0.2
REC-0100,DEV-0082,CASE-0100,87.9,76.8,80.1,8.1,84.0,0.3,0.25,0.25,0.2
REC-0101,DEV-0186,CASE-0101,91.5,80.9,66.0,2.3,83.7,0.3,0.25,0.25,0.2
REC-0102,DEV-0079,CASE-0102,92.1,74.0,92.8,6.3,88.1,0.3,0.25,0.25,0.2
REC-0103,DEV-0172,CASE-0103,76.2,70.6,77.7,7.2,78.5,0.3,0.25,0.25,0.2
REC-0104,DEV-0066,CASE-0104,91.4,76.6,70.4,9.3,82.3,0.3,0.25,0.25,0.2
REC-0105,DEV-0133,CASE-0105,86.2,74.1,84.7,7.6,84.0,0.3,0.25,0.25,0.2
REC-0106,DEV-0148,CASE-0106,83.0,76.1,86.0,4.3,84.6,0.3,0.25,0.25,0.2
REC-0107,DEV-0242,CASE-0107,83.9,70.1,66.2,10.3,77.2,0.3,0.25,0.25,0.2
REC-0108,DEV-0234,CASE-0108,81.1,57.4,78.3,3.6,77.5,0.3,0.25,0.25,0.2
REC-0109,DEV-0114,CASE-0109,88.9,73.9,72.8,11.5,81.0,0.3,0.25,0.25,0.2
REC-0110,DEV-0220,CASE-0110,79.0,73.3,88.2,7.1,82.7,0.3,0.25,0.25,0.2
REC-0111,DEV-0198,CASE-0111,95.1,82.8,91.7,5.7,91.0,0.3,0.25,0.25,0.2
REC-0112,DEV-0060,CASE-0112,85.2,82.7,91.2,11.4,86.8,0.3,0.25,0.25,0.2
REC-0113,DEV-0156,CASE-0113,93.1,79.1,65.7,5.1,83.1,0.3,0.25,0.25,0.2
REC-0114,DEV-0151,CASE-0114,75.1,60.1,73.4,2.7,75.4,0.3,0.25,0.25,0.2
REC-0115,DEV-0239,CASE-0115,77.8,86.6,74.0,3.6,82.8,0.3,0.25,0.25,0.2
REC-0116,DEV-0189,CASE-0116,89.2,82.3,74.1,4.8,84.9,0.3,0.25,0.25,0.2
REC-0117,DEV-0009,CASE-0117,77.8,68.0,67.5,8.7,75.5,0.3,0.25,0.25,0.2
REC-0118,DEV-0147,CASE-0118,91.7,76.9,77.2,4.9,85.1,0.3,0.25,0.25,0.2
REC-0119,DEV-0201,CASE-0119,81.8,69.0,84.3,11.3,80.6,0.3,0.25,0.25,0.2
REC-0120,DEV-0218,CASE-0120,73.7,86.5,91.4,3.2,85.9,0.3,0.25,0.25,0.2
REC-0121,DEV-0130,CASE-0121,76.4,65.3,81.2,3.3,78.9,0.3,0.25,0.25,0.2
REC-0122,DEV-0098,CASE-0122,76.8,84.8,68.2,6.0,80.1,0.3,0.25,0.25,0.2
REC-0123,DEV-0212,CASE-0123,90.3,84.3,74.7,3.6,86.1,0.3,0.25,0.25,0.2
REC-0124,DEV-0204,CASE-0124,89.7,80.5,93.4,3.4,89.7,0.3,0.25,0.25,0.2
REC-0125,DEV-0210,CASE-0125,89.0,68.8,91.5,6.1,85.6,0.3,0.25,0.25,0.2
REC-0126,DEV-0206,CASE-0126,82.7,59.2,74.3,6.0,77.0,0.3,0.25,0.25,0.2
REC-0127,DEV-0033,CASE-0127,72.4,69.4,74.8,10.0,75.8,0.3,0.25,0.25,0.2
REC-0128,DEV-0079,CASE-0128,74.6,80.1,85.7,4.4,83.0,0.3,0.25,0.25,0.2
REC-0129,DEV-0243,CASE-0129,74.0,82.8,72.2,3.5,80.2,0.3,0.25,0.25,0.2
REC-0130,DEV-0080,CASE-0130,80.6,68.2,74.5,11.8,77.5,0.3,0.25,0.25,0.2
REC-0131,DEV-0062,CASE-0131,93.1,83.8,76.6,11.6,85.7,0.3,0.25,0.25,0.2
REC-0132,DEV-0215,CASE-0132,88.4,82.5,79.5,3.6,86.3,0.3,0.25,0.25,0.2
REC-0133,DEV-0196,CASE-0133,93.3,71.1,93.1,4.5,88.1,0.3,0.25,0.25,0.2
REC-0134,DEV-0129,CASE-0134,95.8,62.3,75.7,7.9,81.7,0.3,0.25,0.25,0.2
REC-0135,DEV-0160,CASE-0135,88.6,78.8,78.8,2.8,85.4,0.3,0.25,0.25,0.2
REC-0136,DEV-0180,CASE-0136,83.9,66.0,84.1,3.8,81.9,0.3,0.25,0.25,0.2
REC-0137,DEV-0195,CASE-0137,81.5,86.9,67.6,8.0,81.5,0.3,0.25,0.25,0.2
REC-0138,DEV-0160,CASE-0138,74.2,60.2,82.5,6.4,76.7,0.3,0.25,0.25,0.2
REC-0139,DEV-0032,CASE-0139,85.2,84.0,88.7,10.9,86.6,0.3,0.25,0.25,0.2
REC-0140,DEV-0235,CASE-0140,86.8,71.2,78.3,9.4,81.5,0.3,0.25,0.25,0.2
REC-0141,DEV-0189,CASE-0141,84.5,58.5,69.1,5.6,76.1,0.3,0.25,0.25,0.2
REC-0142,DEV-0003,CASE-0142,73.6,62.9,84.0,2.1,78.4,0.3,0.25,0.25,0.2
REC-0143,DEV-0143,CASE-0143,86.5,80.5,69.9,3.8,82.8,0.3,0.25,0.25,0.2
REC-0144,DEV-0024,CASE-0144,72.7,71.9,84.0,6.6,79.5,0.3,0.25,0.25,0.2
REC-0145,DEV-0055,CASE-0145,81.3,70.0,87.7,2.3,83.4,0.3,0.25,0.25,0.2
REC-0146,DEV-0100,CASE-0146,90.8,77.0,72.0,7.2,83.0,0.3,0.25,0.25,0.2
REC-0147,DEV-0145,CASE-0147,73.2,67.5,70.0,2.2,75.9,0.3,0.25,0.25,0.2
REC-0148,DEV-0081,CASE-0148,80.6,79.0,91.7,8.6,85.1,0.3,0.25,0.25,0.2
REC-0149,DEV-0126,CASE-0149,81.6,88.0,73.2,3.9,84.0,0.3,0.25,0.25,0.2
REC-0150,DEV-0086,CASE-0150,83.1,71.7,75.3,9.0,79.9,0.3,0.25,0.25,0.2
REC-0151,DEV-0021,CASE-0151,76.4,71.8,79.5,10.2,78.7,0.3,0.25,0.25,0.2
REC-0152,DEV-0057,CASE-0152,94.2,76.9,73.9,8.9,84.2,0.3,0.25,0.25,0.2
REC-0153,DEV-0127,CASE-0153,78.0,86.9,88.8,6.3,86.1,0.3,0.25,0.25,0.2
REC-0154,DEV-0074,CASE-0154,90.8,68.5,67.2,9.1,79.3,0.3,0.25,0.25,0.2
REC-0155,DEV-0049,CASE-0155,81.7,85.7,73.9,10.4,82.3,0.3,0.25,0.25,0.2
REC-0156,DEV-0058,CASE-0156,88.3,83.2,73.5,6.6,84.3,0.3,0.25,0.25,0.2
REC-0157,DEV-0147,CASE-0157,91.8,76.2,75.4,7.1,84.0,0.3,0.25,0.25,0.2
REC-0158,DEV-0060,CASE-0158,95.9,79.5,82.8,10.3,87.3,0.3,0.25,0.25,0.2
REC-0159,DEV-0107,CASE-0159,82.6,86.4,81.0,5.3,85.6,0.3,0.25,0.25,0.2
REC-0160,DEV-0004,CASE-0160,74.1,67.4,81.5,9.0,77.7,0.3,0.25,0.25,0.2
REC-0161,DEV-0116,CASE-0161,93.0,86.2,68.0,8.0,84.9,0.3,0.25,0.25,0.2
REC-0162,DEV-0156,CASE-0162,88.0,60.7,80.8,5.3,80.7,0.3,0.25,0.25,0.2
REC-0163,DEV-0033,CASE-0163,73.9,57.2,87.0,8.2,76.6,0.3,0.25,0.25,0.2
REC-0164,DEV-0047,CASE-0164,89.2,77.6,68.9,3.5,82.7,0.3,0.25,0.25,0.2
REC-0165,DEV-0219,CASE-0165,78.1,68.2,92.2,8.7,81.8,0.3,0.25,0.25,0.2
REC-0166,DEV-0176,CASE-0166,78.1,56.8,84.8,8.3,77.2,0.3,0.25,0.25,0.2
REC-0167,DEV-0244,CASE-0167,88.2,63.6,80.0,5.6,81.2,0.3,0.25,0.25,0.2
REC-0168,DEV-0196,CASE-0168,91.6,57.3,73.0,8.0,78.5,0.3,0.25,0.25,0.2
REC-0169,DEV-0064,CASE-0169,76.9,77.2,69.0,2.2,79.2,0.3,0.25,0.25,0.2
REC-0170,DEV-0045,CASE-0170,92.7,66.0,69.5,3.7,80.9,0.3,0.25,0.25,0.2
REC-0171,DEV-0179,CASE-0171,93.3,76.6,92.7,10.0,88.3,0.3,0.25,0.25,0.2
REC-0172,DEV-0061,CASE-0172,90.4,71.5,88.8,6.1,86.0,0.3,0.25,0.25,0.2
REC-0173,DEV-0189,CASE-0173,91.8,80.0,84.7,5.3,87.7,0.3,0.25,0.25,0.2
REC-0174,DEV-0088,CASE-0174,87.1,71.7,78.4,11.9,81.3,0.3,0.25,0.25,0.2
REC-0175,DEV-0189,CASE-0175,84.1,56.1,83.2,9.3,78.2,0.3,0.25,0.25,0.2
REC-0176,DEV-0068,CASE-0176,93.2,75.9,65.6,3.2,82.7,0.3,0.25,0.25,0.2
REC-0177,DEV-0142,CASE-0177,75.9,62.0,88.2,5.1,79.3,0.3,0.25,0.25,0.2
REC-0178,DEV-0163,CASE-0178,79.5,79.9,77.0,2.6,82.6,0.3,0.25,0.25,0.2
REC-0179,DEV-0099,CASE-0179,86.0,59.3,81.6,9.8,79.1,0.3,0.25,0.25,0.2
REC-0180,DEV-0118,CASE-0180,94.3,57.2,73.8,8.5,79.3,0.3,0.25,0.25,0.2
REC-0181,DEV-0220,CASE-0181,79.6,69.9,65.6,8.9,76.0,0.3,0.25,0.25,0.2
REC-0182,DEV-0158,CASE-0182,93.2,87.2,89.1,2.3,91.6,0.3,0.25,0.25,0.2
REC-0183,DEV-0170,CASE-0183,87.6,71.4,92.2,11.0,85.0,0.3,0.25,0.25,0.2
REC-0184,DEV-0233,CASE-0184,95.7,83.4,80.9,9.1,88.0,0.3,0.25,0.25,0.2
REC-0185,DEV-0243,CASE-0185,95.2,74.1,89.4,11.4,87.2,0.3,0.25,0.25,0.2
REC-0186,DEV-0028,CASE-0186,85.7,60.3,69.5,3.2,77.5,0.3,0.25,0.25,0.2
REC-0187,DEV-0209,CASE-0187,83.4,70.8,82.9,6.8,82.1,0.3,0.25,0.25,0.2
REC-0188,DEV-0216,CASE-0188,95.4,64.6,90.3,3.0,86.7,0.3,0.25,0.25,0.2
REC-0189,DEV-0048,CASE-0189,86.4,76.4,87.4,7.0,85.5,0.3,0.25,0.25,0.2
REC-0190,DEV-0093,CASE-0190,76.7,67.2,72.9,6.2,76.8,0.3,0.25,0.25,0.2
REC-0191,DEV-0026,CASE-0191,84.7,75.6,89.5,11.1,84.5,0.3,0.25,0.25,0.2
REC-0192,DEV-0191,CASE-0192,83.1,57.9,88.1,6.8,80.1,0.3,0.25,0.25,0.2
REC-0193,DEV-0061,CASE-0193,85.1,74.7,84.4,10.9,83.1,0.3,0.25,0.25,0.2
REC-0194,DEV-0215,CASE-0194,94.9,86.0,88.5,10.9,89.9,0.3,0.25,0.25,0.2
REC-0195,DEV-0081,CASE-0195,73.2,83.0,67.1,9.5,77.6,0.3,0.25,0.25,0.2
REC-0196,DEV-0215,CASE-0196,76.1,66.9,70.3,6.4,75.8,0.3,0.25,0.25,0.2
REC-0197,DEV-0008,CASE-0197,81.9,56.6,89.1,10.5,78.9,0.3,0.25,0.25,0.2
REC-0198,DEV-0083,CASE-0198,90.9,83.0,86.8,11.4,87.4,0.3,0.25,0.25,0.2
REC-0199,DEV-0235,CASE-0199,85.8,74.2,89.9,5.5,85.7,0.3,0.25,0.25,0.2
REC-0200,DEV-0103,CASE-0200,73.2,79.7,72.4,6.7,78.6,0.3,0.25,0.25,0.2
REC-0201,DEV-0137,CASE-0201,77.8,82.3,92.8,2.6,86.6,0.3,0.25,0.25,0.2
REC-0202,DEV-0236,CASE-0202,77.6,61.3,84.5,6.3,78.5,0.3,0.25,0.25,0.2
REC-0203,DEV-0002,CASE-0203,83.0,60.2,77.0,5.0,78.2,0.3,0.25,0.25,0.2
REC-0204,DEV-0084,CASE-0204,86.7,62.2,82.8,5.8,81.1,0.3,0.25,0.25,0.2
REC-0205,DEV-0033,CASE-0205,80.3,65.1,84.5,7.6,80.0,0.3,0.25,0.25,0.2
REC-0206,DEV-0214,CASE-0206,92.4,63.0,66.2,3.8,79.3,0.3,0.25,0.25,0.2
REC-0207,DEV-0096,CASE-0207,80.2,60.9,67.4,6.5,74.8,0.3,0.25,0.25,0.2
REC-0208,DEV-0200,CASE-0208,88.2,79.8,76.6,6.8,84.2,0.3,0.25,0.25,0.2
REC-0209,DEV-0084,CASE-0209,90.1,66.6,87.8,11.7,83.3,0.3,0.25,0.25,0.2
REC-0210,DEV-0141,CASE-0210,93.1,70.0,81.8,9.2,84.0,0.3,0.25,0.25,0.2
REC-0211,DEV-0068,CASE-0211,80.4,81.4,77.7,10.5,81.8,0.3,0.25,0.25,0.2
REC-0212,DEV-0004,CASE-0212,78.1,55.4,83.3,6.5,76.8,0.3,0.25,0.25,0.2
REC-0213,DEV-0171,CASE-0213,73.4,71.1,69.9,8.3,75.6,0.3,0.25,0.25,0.2
REC-0214,DEV-0055,CASE-0214,82.7,60.6,76.9,4.3,78.3,0.3,0.25,0.25,0.2
REC-0215,DEV-0160,CASE-0215,87.7,64.7,88.8,2.1,84.3,0.3,0.25,0.25,0.2
REC-0216,DEV-0091,CASE-0216,81.7,75.4,65.7,4.2,78.9,0.3,0.25,0.25,0.2
REC-0217,DEV-0221,CASE-0217,79.9,55.7,80.9,8.3,76.5,0.3,0.25,0.25,0.2
REC-0218,DEV-0106,CASE-0218,77.5,72.9,94.0,10.9,82.8,0.3,0.25,0.25,0.2
REC-0219,DEV-0027,CASE-0219,73.4,59.2,79.3,4.5,75.7,0.3,0.25,0.25,0.2
REC-0220,DEV-0169,CASE-0220,73.9,63.4,66.8,7.3,73.3,0.3,0.25,0.25,0.2
REC-0221,DEV-0243,CASE-0221,83.8,55.2,79.0,7.2,77.2,0.3,0.25,0.25,0.2
REC-0222,DEV-0016,CASE-0222,86.5,87.0,93.5,7.3,89.6,0.3,0.25,0.25,0.2
REC-0223,DEV-0048,CASE-0223,92.3,57.8,80.4,8.8,80.5,0.3,0.25,0.25,0.2
REC-0224,DEV-0122,CASE-0224,85.6,62.6,66.8,5.9,76.8,0.3,0.25,0.25,0.2
REC-0225,DEV-0192,CASE-0225,87.5,87.7,71.9,11.2,83.9,0.3,0.25,0.25,0.2
REC-0226,DEV-0216,CASE-0226,73.6,85.7,89.1,2.2,85.3,0.3,0.25,0.25,0.2
REC-0227,DEV-0202,CASE-0227,79.2,56.7,93.9,6.3,80.2,0.3,0.25,0.25,0.2
REC-0228,DEV-0210,CASE-0228,87.9,62.7,92.1,4.7,84.1,0.3,0.25,0.25,0.2
REC-0229,DEV-0062,CASE-0229,78.2,65.4,78.4,2.2,79.0,0.3,0.25,0.25,0.2
REC-0230,DEV-0221,CASE-0230,86.3,56.0,80.6,6.6,78.7,0.3,0.25,0.25,0.2
REC-0231,DEV-0082,CASE-0231,77.8,65.9,85.5,2.1,80.8,0.3,0.25,0.25,0.2
REC-0232,DEV-0183,CASE-0232,79.6,77.4,69.4,7.6,79.1,0.3,0.25,0.25,0.2
REC-0233,DEV-0073,CASE-0233,76.1,60.1,87.4,4.7,78.8,0.3,0.25,0.25,0.2
REC-0234,DEV-0149,CASE-0234,81.0,79.1,70.2,7.3,80.2,0.3,0.25,0.25,0.2
REC-0235,DEV-0106,CASE-0235,94.0,73.3,66.4,7.9,81.5,0.3,0.25,0.25,0.2
REC-0236,DEV-0154,CASE-0236,74.2,64.3,89.6,2.1,80.3,0.3,0.25,0.25,0.2
REC-0237,DEV-0176,CASE-0237,73.8,67.0,94.0,4.9,81.4,0.3,0.25,0.25,0.2
REC-0238,DEV-0131,CASE-0238,75.8,73.1,80.1,6.5,79.7,0.3,0.25,0.25,0.2
REC-0239,DEV-0037,CASE-0239,94.7,64.2,73.5,3.4,82.2,0.3,0.25,0.25,0.2
REC-0240,DEV-0098,CASE-0240,88.7,65.6,88.3,11.7,82.7,0.3,0.25,0.25,0.2
REC-0241,DEV-0102,CASE-0241,73.0,87.8,72.4,6.2,80.7,0.3,0.25,0.25,0.2
REC-0242,DEV-0056,CASE-0242,90.7,77.0,87.6,6.7,87.0,0.3,0.25,0.25,0.2
REC-0243,DEV-0039,CASE-0243,94.0,81.1,74.0,11.5,84.7,0.3,0.25,0.25,0.2
REC-0244,DEV-0057,CASE-0244,95.1,68.7,83.9,10.1,84.7,0.3,0.25,0.25,0.2
REC-0245,DEV-0108,CASE-0245,91.6,55.5,83.2,11.7,79.8,0.3,0.25,0.25,0.2
REC-0246,DEV-0011,CASE-0246,77.6,81.3,80.5,4.2,82.9,0.3,0.25,0.25,0.2
REC-0247,DEV-0175,CASE-0247,73.2,80.1,74.2,5.8,79.4,0.3,0.25,0.25,0.2
REC-0248,DEV-0195,CASE-0248,83.6,71.7,71.0,8.7,79.0,0.3,0.25,0.25,0.2
REC-0249,DEV-0156,CASE-0249,88.6,59.7,80.5,8.1,80.0,0.3,0.25,0.25,0.2
REC-0250,DEV-0015,CASE-0250,76.5,84.5,79.0,3.2,83.2,0.3,0.25,0.25,0.2
REC-0251,DEV-0049,CASE-0251,80.0,70.7,65.3,2.3,77.5,0.3,0.25,0.25,0.2
REC-0252,DEV-0116,CASE-0252,73.3,72.8,74.7,10.9,76.7,0.3,0.25,0.25,0.2
REC-0253,DEV-0101,CASE-0253,85.4,80.1,84.9,7.2,85.4,0.3,0.25,0.25,0.2
REC-0254,DEV-0215,CASE-0254,89.9,73.0,76.2,6.4,83.0,0.3,0.25,0.25,0.2
REC-0255,DEV-0130,CASE-0255,92.1,73.6,75.9,3.8,84.2,0.3,0.25,0.25,0.2
REC-0256,DEV-0166,CASE-0256,83.9,63.3,92.7,6.9,82.8,0.3,0.25,0.25,0.2
REC-0257,DEV-0028,CASE-0257,72.2,58.1,73.2,2.9,73.9,0.3,0.25,0.25,0.2
REC-0258,DEV-0104,CASE-0258,93.5,83.2,93.2,9.1,90.3,0.3,0.25,0.25,0.2
REC-0259,DEV-0095,CASE-0259,87.5,85.5,92.4,10.8,88.6,0.3,0.25,0.25,0.2
REC-0260,DEV-0183,CASE-0260,92.7,77.2,65.0,6.3,82.1,0.3,0.25,0.25,0.2
REC-0261,DEV-0153,CASE-0261,87.3,73.1,88.8,10.2,84.6,0.3,0.25,0.25,0.2
REC-0262,DEV-0153,CASE-0262,86.4,55.7,75.7,4.3,77.9,0.3,0.25,0.25,0.2
REC-0263,DEV-0202,CASE-0263,80.1,75.4,66.9,2.2,79.2,0.3,0.25,0.25,0.2
REC-0264,DEV-0119,CASE-0264,82.5,81.2,65.9,10.5,79.4,0.3,0.25,0.25,0.2
REC-0265,DEV-0043,CASE-0265,81.2,58.9,81.5,11.5,77.2,0.3,0.25,0.25,0.2
REC-0266,DEV-0179,CASE-0266,85.0,77.7,88.7,10.0,85.1,0.3,0.25,0.25,0.2
REC-0267,DEV-0042,CASE-0267,73.8,79.5,92.5,9.0,83.3,0.3,0.25,0.25,0.2
REC-0268,DEV-0126,CASE-0268,92.1,71.0,74.3,8.8,82.2,0.3,0.25,0.25,0.2
REC-0269,DEV-0101,CASE-0269,83.8,84.5,93.3,10.2,87.6,0.3,0.25,0.25,0.2
REC-0270,DEV-0128,CASE-0270,95.8,66.5,91.0,5.3,87.1,0.3,0.25,0.25,0.2
REC-0271,DEV-0018,CASE-0271,74.8,75.5,78.2,11.2,78.6,0.3,0.25,0.25,0.2
REC-0272,DEV-0076,CASE-0272,83.8,85.6,67.3,10.3,81.3,0.3,0.25,0.25,0.2
REC-0273,DEV-0211,CASE-0273,90.2,78.8,75.3,9.8,83.6,0.3,0.25,0.25,0.2
REC-0274,DEV-0096,CASE-0274,83.6,78.6,81.0,3.6,84.3,0.3,0.25,0.25,0.2
REC-0275,DEV-0031,CASE-0275,73.5,67.1,92.1,7.3,80.4,0.3,0.25,0.25,0.2
REC-0276,DEV-0174,CASE-0276,91.3,74.0,92.8,5.7,88.0,0.3,0.25,0.25,0.2
REC-0277,DEV-0171,CASE-0277,73.4,80.8,85.5,7.3,82.1,0.3,0.25,0.25,0.2
REC-0278,DEV-0137,CASE-0278,79.8,61.2,79.0,8.7,77.2,0.3,0.25,0.25,0.2
REC-0279,DEV-0115,CASE-0279,85.9,69.4,80.7,3.1,82.7,0.3,0.25,0.25,0.2
REC-0280,DEV-0200,CASE-0280,88.7,79.2,65.3,4.7,81.8,0.3,0.25,0.25,0.2
REC-0281,DEV-0038,CASE-0281,74.2,87.9,82.2,6.7,83.4,0.3,0.25,0.25,0.2
REC-0282,DEV-0099,CASE-0282,83.1,86.8,84.1,3.7,86.9,0.3,0.25,0.25,0.2
REC-0283,DEV-0111,CASE-0283,82.8,80.5,77.3,5.1,83.3,0.3,0.25,0.25,0.2
REC-0284,DEV-0005,CASE-0284,95.8,85.9,92.3,3.3,92.6,0.3,0.25,0.25,0.2
REC-0285,DEV-0158,CASE-0285,77.6,69.6,89.1,9.4,81.1,0.3,0.25,0.25,0.2
REC-0286,DEV-0216,CASE-0286,92.4,85.4,87.6,4.6,90.0,0.3,0.25,0.25,0.2
REC-0287,DEV-0089,CASE-0287,78.9,66.6,73.8,4.5,77.9,0.3,0.25,0.25,0.2
REC-0288,DEV-0104,CASE-0288,90.1,56.1,86.1,10.2,80.5,0.3,0.25,0.25,0.2
REC-0289,DEV-0052,CASE-0289,73.6,57.0,73.3,4.1,73.8,0.3,0.25,0.25,0.2
REC-0290,DEV-0246,CASE-0290,85.9,77.3,83.4,5.6,84.8,0.3,0.25,0.25,0.2
REC-0291,DEV-0060,CASE-0291,84.0,76.1,68.5,4.3,80.5,0.3,0.25,0.25,0.2
REC-0292,DEV-0206,CASE-0292,93.4,66.3,88.2,4.5,85.7,0.3,0.25,0.25,0.2
REC-0293,DEV-0061,CASE-0293,73.0,71.5,90.9,10.2,80.5,0.3,0.25,0.25,0.2
REC-0294,DEV-0190,CASE-0294,78.1,85.0,78.9,2.5,83.9,0.3,0.25,0.25,0.2
REC-0295,DEV-0208,CASE-0295,72.7,71.0,80.8,2.8,79.2,0.3,0.25,0.25,0.2
REC-0296,DEV-0006,CASE-0296,94.1,78.7,88.2,7.8,88.4,0.3,0.25,0.25,0.2
REC-0297,DEV-0196,CASE-0297,87.9,67.8,84.7,11.8,82.1,0.3,0.25,0.25,0.2
REC-0298,DEV-0225,CASE-0298,87.5,66.3,73.3,11.6,78.8,0.3,0.25,0.25,0.2
REC-0299,DEV-0094,CASE-0299,76.4,81.6,78.5,6.4,81.7,0.3,0.25,0.25,0.2
REC-0300,DEV-0210,CASE-0300,89.9,59.9,78.5,2.4,81.1,0.3,0.25,0.25,0.2
REC-0301,DEV-0231,CASE-0301,88.1,56.9,67.5,10.4,75.4,0.3,0.25,0.25,0.2
REC-0302,DEV-0209,CASE-0302,82.6,61.6,82.2,7.2,79.3,0.3,0.25,0.25,0.2
REC-0303,DEV-0124,CASE-0303,81.9,84.9,86.7,3.5,86.8,0.3,0.25,0.25,0.2
REC-0304,DEV-0063,CASE-0304,85.7,57.9,72.1,11.1,76.0,0.3,0.25,0.25,0.2
REC-0305,DEV-0038,CASE-0305,83.1,84.4,69.8,4.1,82.7,0.3,0.25,0.25,0.2
REC-0306,DEV-0137,CASE-0306,80.5,67.1,86.6,8.0,81.0,0.3,0.25,0.25,0.2
REC-0307,DEV-0194,CASE-0307,85.3,74.9,86.2,10.9,83.7,0.3,0.25,0.25,0.2
REC-0308,DEV-0047,CASE-0308,82.0,81.5,79.4,9.2,83.0,0.3,0.25,0.25,0.2
REC-0309,DEV-0113,CASE-0309,93.0,56.1,80.9,11.9,79.8,0.3,0.25,0.25,0.2
REC-0310,DEV-0047,CASE-0310,83.9,83.5,70.4,8.0,82.0,0.3,0.25,0.25,0.2
REC-0311,DEV-0096,CASE-0311,92.9,69.2,79.1,2.8,84.4,0.3,0.25,0.25,0.2
REC-0312,DEV-0084,CASE-0312,73.0,70.5,89.5,11.3,79.6,0.3,0.25,0.25,0.2
REC-0313,DEV-0217,CASE-0313,87.8,82.3,86.3,9.0,86.7,0.3,0.25,0.25,0.2
REC-0314,DEV-0081,CASE-0314,90.5,71.7,78.3,3.6,83.9,0.3,0.25,0.25,0.2
REC-0315,DEV-0099,CASE-0315,92.3,56.5,72.8,7.2,78.6,0.3,0.25,0.25,0.2
REC-0316,DEV-0212,CASE-0316,95.3,80.9,75.7,9.1,85.9,0.3,0.25,0.25,0.2
REC-0317,DEV-0084,CASE-0317,94.4,72.8,78.4,7.5,84.6,0.3,0.25,0.25,0.2
REC-0318,DEV-0171,CASE-0318,79.5,84.9,88.1,9.1,85.3,0.3,0.25,0.25,0.2
REC-0319,DEV-0137,CASE-0319,86.1,87.0,73.6,4.8,85.0,0.3,0.25,0.25,0.2
REC-0320,DEV-0220,CASE-0320,77.8,79.5,88.1,8.0,83.6,0.3,0.25,0.25,0.2
REC-0321,DEV-0117,CASE-0321,87.6,66.5,66.2,4.5,78.6,0.3,0.25,0.25,0.2
REC-0322,DEV-0233,CASE-0322,86.0,81.8,87.5,3.8,87.4,0.3,0.25,0.25,0.2
REC-0323,DEV-0208,CASE-0323,73.2,83.1,67.2,5.9,78.4,0.3,0.25,0.25,0.2
REC-0324,DEV-0074,CASE-0324,74.3,73.6,75.5,4.0,78.8,0.3,0.25,0.25,0.2
REC-0325,DEV-0071,CASE-0325,86.3,67.0,69.8,9.0,78.3,0.3,0.25,0.25,0.2
REC-0326,DEV-0099,CASE-0326,92.1,64.0,70.4,2.8,80.7,0.3,0.25,0.25,0.2
REC-0327,DEV-0222,CASE-0327,84.7,82.4,72.3,6.6,82.8,0.3,0.25,0.25,0.2
REC-0328,DEV-0095,CASE-0328,75.9,68.3,65.4,11.1,74.0,0.3,0.25,0.25,0.2
REC-0329,DEV-0002,CASE-0329,88.2,66.0,90.6,3.8,84.8,0.3,0.25,0.25,0.2
REC-0330,DEV-0113,CASE-0330,73.9,86.1,74.0,11.4,79.9,0.3,0.25,0.25,0.2
REC-0331,DEV-0150,CASE-0331,87.3,87.3,86.8,3.1,89.1,0.3,0.25,0.25,0.2
REC-0332,DEV-0006,CASE-0332,92.5,59.9,85.1,7.0,82.6,0.3,0.25,0.25,0.2
REC-0333,DEV-0078,CASE-0333,89.0,80.2,88.3,10.3,86.8,0.3,0.25,0.25,0.2
REC-0334,DEV-0012,CASE-0334,92.3,68.6,90.8,9.2,85.7,0.3,0.25,0.25,0.2
REC-0335,DEV-0059,CASE-0335,92.1,87.6,68.4,5.7,85.5,0.3,0.25,0.25,0.2
REC-0336,DEV-0197,CASE-0336,91.4,57.8,80.7,10.6,79.9,0.3,0.25,0.25,0.2
REC-0337,DEV-0026,CASE-0337,72.5,86.0,93.4,5.2,85.6,0.3,0.25,0.25,0.2
REC-0338,DEV-0033,CASE-0338,90.4,59.2,87.4,6.8,82.4,0.3,0.25,0.25,0.2
REC-0339,DEV-0188,CASE-0339,92.6,62.0,84.5,9.9,82.4,0.3,0.25,0.25,0.2
REC-0340,DEV-0087,CASE-0340,76.9,82.0,92.8,8.2,85.1,0.3,0.25,0.25,0.2
REC-0341,DEV-0031,CASE-0341,90.8,72.6,82.3,2.1,85.5,0.3,0.25,0.25,0.2
REC-0342,DEV-0134,CASE-0342,84.6,74.0,84.4,3.7,84.2,0.3,0.25,0.25,0.2
REC-0343,DEV-0126,CASE-0343,77.8,79.9,69.9,6.2,79.5,0.3,0.25,0.25,0.2
REC-0344,DEV-0089,CASE-0344,78.0,73.0,93.6,10.5,83.0,0.3,0.25,0.25,0.2
REC-0345,DEV-0004,CASE-0345,78.5,67.2,91.6,11.0,81.0,0.3,0.25,0.25,0.2
REC-0346,DEV-0170,CASE-0346,75.9,82.4,73.6,7.4,80.3,0.3,0.25,0.25,0.2
REC-0347,DEV-0037,CASE-0347,72.1,88.0,87.1,4.4,84.5,0.3,0.25,0.25,0.2
REC-0348,DEV-0178,CASE-0348,88.4,64.7,67.6,6.3,78.3,0.3,0.25,0.25,0.2
REC-0349,DEV-0188,CASE-0349,86.7,58.0,80.0,7.1,79.1,0.3,0.25,0.25,0.2
REC-0350,DEV-0217,CASE-0350,87.1,63.1,65.6,5.2,77.3,0.3,0.25,0.25,0.2
REC-0351,DEV-0152,CASE-0351,81.6,76.0,92.0,4.0,85.7,0.3,0.25,0.25,0.2
REC-0352,DEV-0021,CASE-0352,88.5,58.2,70.5,7.1,77.3,0.3,0.25,0.25,0.2
REC-0353,DEV-0246,CASE-0353,89.0,83.3,86.6,2.2,88.7,0.3,0.25,0.25,0.2
REC-0354,DEV-0133,CASE-0354,88.4,82.2,80.2,11.7,84.8,0.3,0.25,0.25,0.2
REC-0355,DEV-0027,CASE-0355,72.1,82.0,74.7,8.5,79.1,0.3,0.25,0.25,0.2
REC-0356,DEV-0190,CASE-0356,88.6,65.1,93.9,3.0,85.7,0.3,0.25,0.25,0.2
REC-0357,DEV-0094,CASE-0357,75.8,84.4,68.5,5.8,79.8,0.3,0.25,0.25,0.2
REC-0358,DEV-0226,CASE-0358,89.6,81.1,92.7,9.9,88.3,0.3,0.25,0.25,0.2
REC-0359,DEV-0214,CASE-0359,92.3,86.3,81.1,5.4,88.5,0.3,0.25,0.25,0.2
REC-0360,DEV-0161,CASE-0360,90.3,60.4,67.0,9.9,77.0,0.3,0.25,0.25,0.2
REC-0361,DEV-0039,CASE-0361,94.8,69.6,69.7,7.0,81.9,0.3,0.25,0.25,0.2
REC-0362,DEV-0068,CASE-0362,81.4,67.3,83.2,3.7,81.3,0.3,0.25,0.25,0.2
REC-0363,DEV-0128,CASE-0363,81.1,83.7,86.2,2.6,86.3,0.3,0.25,0.25,0.2
REC-0364,DEV-0031,CASE-0364,84.3,58.0,92.8,4.4,82.1,0.3,0.25,0.25,0.2
REC-0365,DEV-0052,CASE-0365,94.4,82.5,81.0,5.4,88.1,0.3,0.25,0.25,0.2
REC-0366,DEV-0121,CASE-0366,92.6,60.0,70.2,4.2,79.5,0.3,0.25,0.25,0.2
REC-0367,DEV-0070,CASE-0367,86.3,65.4,93.7,4.0,84.9,0.3,0.25,0.25,0.2
REC-0368,DEV-0109,CASE-0368,91.3,58.2,75.2,4.4,79.9,0.3,0.25,0.25,0.2
REC-0369,DEV-0097,CASE-0369,95.4,55.8,85.9,4.5,83.1,0.3,0.25,0.25,0.2
REC-0370,DEV-0228,CASE-0370,91.5,65.3,70.4,8.9,79.6,0.3,0.25,0.25,0.2
REC-0371,DEV-0238,CASE-0371,78.2,71.0,68.8,9.2,76.6,0.3,0.25,0.25,0.2
REC-0372,DEV-0041,CASE-0372,81.8,59.6,86.5,3.0,80.5,0.3,0.25,0.25,0.2
REC-0373,DEV-0146,CASE-0373,85.8,75.0,92.0,3.5,86.8,0.3,0.25,0.25,0.2
REC-0374,DEV-0107,CASE-0374,87.7,67.6,76.6,7.0,81.0,0.3,0.25,0.25,0.2
REC-0375,DEV-0194,CASE-0375,77.6,70.2,84.9,6.6,80.7,0.3,0.25,0.25,0.2
REC-0376,DEV-0152,CASE-0376,73.0,63.5,75.2,5.5,75.5,0.3,0.25,0.25,0.2
REC-0377,DEV-0090,CASE-0377,73.9,69.8,85.1,2.5,80.4,0.3,0.25,0.25,0.2
REC-0378,DEV-0013,CASE-0378,90.0,86.5,65.3,3.9,84.2,0.3,0.25,0.25,0.2
REC-0379,DEV-0084,CASE-0379,85.0,62.2,87.2,5.1,81.8,0.3,0.25,0.25,0.2
REC-0380,DEV-0018,CASE-0380,79.0,55.0,72.8,4.2,74.8,0.3,0.25,0.25,0.2
REC-0381,DEV-0192,CASE-0381,80.2,59.9,82.2,4.4,78.7,0.3,0.25,0.25,0.2
REC-0382,DEV-0119,CASE-0382,92.0,64.4,71.1,2.6,81.0,0.3,0.25,0.25,0.2
REC-0383,DEV-0082,CASE-0383,89.8,71.8,68.3,4.2,81.1,0.3,0.25,0.25,0.2
REC-0384,DEV-0228,CASE-0384,96.0,81.6,75.1,7.4,86.5,0.3,0.25,0.25,0.2
REC-0385,DEV-0137,CASE-0385,82.0,56.2,87.6,9.2,78.7,0.3,0.25,0.25,0.2
REC-0386,DEV-0085,CASE-0386,81.8,82.9,80.5,2.7,84.8,0.3,0.25,0.25,0.2
REC-0387,DEV-0226,CASE-0387,78.2,70.2,68.0,7.7,76.5,0.3,0.25,0.25,0.2
REC-0388,DEV-0110,CASE-0388,74.9,61.6,90.9,12.0,78.2,0.3,0.25,0.25,0.2
REC-0389,DEV-0042,CASE-0389,85.2,75.4,88.1,9.0,84.6,0.3,0.25,0.25,0.2
REC-0390,DEV-0003,CASE-0390,76.4,68.6,80.5,5.6,79.1,0.3,0.25,0.25,0.2
REC-0391,DEV-0151,CASE-0391,76.2,79.3,70.8,4.6,79.5,0.3,0.25,0.25,0.2
REC-0392,DEV-0240,CASE-0392,78.9,60.3,89.6,8.1,79.5,0.3,0.25,0.25,0.2
REC-0393,DEV-0222,CASE-0393,92.0,71.3,80.1,8.2,83.8,0.3,0.25,0.25,0.2
REC-0394,DEV-0226,CASE-0394,80.9,71.4,80.9,11.5,80.0,0.3,0.25,0.25,0.2
REC-0395,DEV-0121,CASE-0395,93.2,59.3,66.2,8.8,77.6,0.3,0.25,0.25,0.2
REC-0396,DEV-0009,CASE-0396,73.2,57.0,69.6,5.5,72.5,0.3,0.25,0.25,0.2
REC-0397,DEV-0098,CASE-0397,82.4,72.1,93.8,5.9,85.0,0.3,0.25,0.25,0.2
REC-0398,DEV-0201,CASE-0398,77.8,74.0,71.2,11.4,77.4,0.3,0.25,0.25,0.2
REC-0399,DEV-0027,CASE-0399,78.2,87.7,77.1,10.1,82.6,0.3,0.25,0.25,0.2
REC-0400,DEV-0084,CASE-0400,87.6,85.8,83.1,7.8,86.9,0.3,0.25,0.25,0.2
REC-0401,DEV-0109,CASE-0401,87.7,81.0,91.1,4.7,88.4,0.3,0.25,0.25,0.2
REC-0402,DEV-0128,CASE-0402,76.8,56.1,75.7,10.5,73.9,0.3,0.25,0.25,0.2
REC-0403,DEV-0147,CASE-0403,73.7,72.8,85.1,10.4,79.5,0.3,0.25,0.25,0.2
REC-0404,DEV-0238,CASE-0404,86.0,61.1,93.0,2.9,83.7,0.3,0.25,0.25,0.2
REC-0405,DEV-0021,CASE-0405,90.5,57.9,69.2,11.0,76.7,0.3,0.25,0.25,0.2
REC-0406,DEV-0019,CASE-0406,90.1,67.1,83.5,6.6,83.4,0.3,0.25,0.25,0.2
REC-0407,DEV-0081,CASE-0407,73.6,78.8,87.1,10.8,81.4,0.3,0.25,0.25,0.2
REC-0408,DEV-0211,CASE-0408,85.0,77.2,77.7,5.2,83.2,0.3,0.25,0.25,0.2
REC-0409,DEV-0065,CASE-0409,81.9,85.1,69.8,4.5,82.4,0.3,0.25,0.25,0.2
REC-0410,DEV-0072,CASE-0410,86.5,58.8,90.9,2.5,82.9,0.3,0.25,0.25,0.2
REC-0411,DEV-0004,CASE-0411,90.1,67.3,66.5,10.4,78.4,0.3,0.25,0.25,0.2
REC-0412,DEV-0106,CASE-0412,87.4,55.3,72.8,5.5,77.1,0.3,0.25,0.25,0.2
REC-0413,DEV-0198,CASE-0413,79.7,71.4,80.3,6.0,80.6,0.3,0.25,0.25,0.2
REC-0414,DEV-0076,CASE-0414,80.0,71.6,66.0,8.5,76.7,0.3,0.25,0.25,0.2
REC-0415,DEV-0187,CASE-0415,86.5,64.2,70.2,2.7,79.0,0.3,0.25,0.25,0.2
REC-0416,DEV-0249,CASE-0416,86.1,73.8,80.5,11.9,82.0,0.3,0.25,0.25,0.2
REC-0417,DEV-0237,CASE-0417,84.8,78.8,68.3,5.0,81.2,0.3,0.25,0.25,0.2
REC-0418,DEV-0067,CASE-0418,78.6,74.0,74.6,8.4,79.0,0.3,0.25,0.25,0.2
REC-0419,DEV-0125,CASE-0419,88.6,56.1,83.6,3.2,80.9,0.3,0.25,0.25,0.2
REC-0420,DEV-0231,CASE-0420,83.2,79.0,85.4,5.0,85.1,0.3,0.25,0.25,0.2
REC-0421,DEV-0002,CASE-0421,78.5,69.5,70.5,11.7,76.2,0.3,0.25,0.25,0.2
REC-0422,DEV-0053,CASE-0422,80.3,85.5,91.3,5.6,87.2,0.3,0.25,0.25,0.2
REC-0423,DEV-0029,CASE-0423,78.1,80.4,71.7,7.2,80.0,0.3,0.25,0.25,0.2
REC-0424,DEV-0159,CASE-0424,74.7,67.7,67.3,4.8,75.2,0.3,0.25,0.25,0.2
REC-0425,DEV-0010,CASE-0425,88.0,87.7,72.4,6.7,85.1,0.3,0.25,0.25,0.2
REC-0426,DEV-0123,CASE-0426,82.8,61.1,82.7,9.2,79.0,0.3,0.25,0.25,0.2
REC-0427,DEV-0217,CASE-0427,75.5,80.0,85.3,4.0,83.2,0.3,0.25,0.25,0.2
REC-0428,DEV-0094,CASE-0428,87.6,68.0,84.8,7.0,83.1,0.3,0.25,0.25,0.2
REC-0429,DEV-0179,CASE-0429,73.2,81.0,81.1,9.2,80.6,0.3,0.25,0.25,0.2
REC-0430,DEV-0180,CASE-0430,75.0,78.8,77.0,10.0,79.5,0.3,0.25,0.25,0.2
REC-0431,DEV-0117,CASE-0431,86.4,66.7,70.9,10.2,78.3,0.3,0.25,0.25,0.2
REC-0432,DEV-0059,CASE-0432,85.4,87.6,75.8,8.9,84.7,0.3,0.25,0.25,0.2
REC-0433,DEV-0234,CASE-0433,86.9,76.0,86.4,3.4,86.0,0.3,0.25,0.25,0.2
REC-0434,DEV-0032,CASE-0434,85.2,71.8,74.9,6.4,81.0,0.3,0.25,0.25,0.2
REC-0435,DEV-0100,CASE-0435,84.5,65.6,73.5,9.4,78.2,0.3,0.25,0.25,0.2
REC-0436,DEV-0159,CASE-0436,73.6,65.3,84.0,4.1,78.6,0.3,0.25,0.25,0.2
REC-0437,DEV-0132,CASE-0437,85.7,65.0,89.5,5.5,83.2,0.3,0.25,0.25,0.2
REC-0438,DEV-0009,CASE-0438,77.5,72.5,68.9,10.0,76.6,0.3,0.25,0.25,0.2
REC-0439,DEV-0106,CASE-0439,88.3,80.4,76.6,10.4,83.7,0.3,0.25,0.25,0.2
REC-0440,DEV-0044,CASE-0440,83.8,58.1,71.5,9.1,75.7,0.3,0.25,0.25,0.2
REC-0441,DEV-0068,CASE-0441,93.5,58.1,90.1,10.0,83.1,0.3,0.25,0.25,0.2
REC-0442,DEV-0106,CASE-0442,80.6,77.7,70.4,10.1,79.2,0.3,0.25,0.25,0.2
REC-0443,DEV-0049,CASE-0443,87.8,69.5,90.1,3.4,85.6,0.3,0.25,0.25,0.2
REC-0444,DEV-0008,CASE-0444,92.3,55.8,86.8,7.7,81.8,0.3,0.25,0.25,0.2
REC-0445,DEV-0188,CASE-0445,88.7,68.6,90.1,5.1,85.3,0.3,0.25,0.25,0.2
REC-0446,DEV-0022,CASE-0446,78.6,65.0,87.5,7.0,80.3,0.3,0.25,0.25,0.2
REC-0447,DEV-0046,CASE-0447,84.9,82.4,89.2,3.6,87.7,0.3,0.25,0.25,0.2
REC-0448,DEV-0022,CASE-0448,85.2,59.2,90.2,10.4,80.8,0.3,0.25,0.25,0.2
REC-0449,DEV-0186,CASE-0449,92.4,78.3,78.5,6.0,85.7,0.3,0.25,0.25,0.2
REC-0450,DEV-0139,CASE-0450,81.5,57.2,92.5,6.5,80.6,0.3,0.25,0.25,0.2
REC-0451,DEV-0247,CASE-0451,94.3,84.0,89.0,7.9,90.0,0.3,0.25,0.25,0.2
REC-0452,DEV-0029,CASE-0452,74.4,65.7,82.5,2.1,79.0,0.3,0.25,0.25,0.2
REC-0453,DEV-0247,CASE-0453,73.0,77.4,90.8,10.6,81.8,0.3,0.25,0.25,0.2
REC-0454,DEV-0099,CASE-0454,76.0,85.1,85.2,9.2,83.5,0.3,0.25,0.25,0.2
REC-0455,DEV-0103,CASE-0455,79.3,78.6,85.6,7.9,83.3,0.3,0.25,0.25,0.2
REC-0456,DEV-0051,CASE-0456,80.6,81.8,92.2,10.7,85.5,0.3,0.25,0.25,0.2
REC-0457,DEV-0212,CASE-0457,77.8,69.7,74.9,9.1,77.7,0.3,0.25,0.25,0.2
REC-0458,DEV-0232,CASE-0458,92.0,62.1,92.5,8.8,84.5,0.3,0.25,0.25,0.2
REC-0459,DEV-0004,CASE-0459,77.2,67.2,68.0,8.0,75.4,0.3,0.25,0.25,0.2
REC-0460,DEV-0142,CASE-0460,76.1,77.9,86.4,6.8,82.5,0.3,0.25,0.25,0.2
REC-0461,DEV-0219,CASE-0461,74.3,75.2,75.8,11.5,77.7,0.3,0.25,0.25,0.2
REC-0462,DEV-0241,CASE-0462,84.3,57.4,83.4,9.8,78.5,0.3,0.25,0.25,0.2
REC-0463,DEV-0001,CASE-0463,75.9,69.8,86.6,2.2,81.4,0.3,0.25,0.25,0.2
REC-0464,DEV-0240,CASE-0464,72.7,77.3,86.0,10.5,80.5,0.3,0.25,0.25,0.2
REC-0465,DEV-0053,CASE-0465,81.6,67.9,81.0,9.6,79.8,0.3,0.25,0.25,0.2
REC-0466,DEV-0108,CASE-0466,87.4,65.8,75.0,9.6,79.5,0.3,0.25,0.25,0.2
REC-0467,DEV-0118,CASE-0467,84.8,58.2,69.4,10.5,75.2,0.3,0.25,0.25,0.2
REC-0468,DEV-0086,CASE-0468,96.0,66.1,76.2,3.5,83.7,0.3,0.25,0.25,0.2
REC-0469,DEV-0095,CASE-0469,77.7,69.0,73.2,9.0,77.1,0.3,0.25,0.25,0.2
REC-0470,DEV-0238,CASE-0470,84.9,82.1,86.0,3.3,86.8,0.3,0.25,0.25,0.2
REC-0471,DEV-0107,CASE-0471,75.0,84.6,88.8,6.7,84.5,0.3,0.25,0.25,0.2
REC-0472,DEV-0200,CASE-0472,75.1,84.7,71.7,2.4,81.1,0.3,0.25,0.25,0.2
REC-0473,DEV-0242,CASE-0473,94.2,81.7,85.1,2.3,89.5,0.3,0.25,0.25,0.2
REC-0474,DEV-0151,CASE-0474,84.7,76.6,87.0,6.7,85.0,0.3,0.25,0.25,0.2
REC-0475,DEV-0068,CASE-0475,94.9,63.1,67.0,5.3,79.9,0.3,0.25,0.25,0.2
REC-0476,DEV-0006,CASE-0476,87.9,79.3,86.4,3.1,87.2,0.3,0.25,0.25,0.2
REC-0477,DEV-0236,CASE-0477,93.2,64.3,71.1,8.1,80.2,0.3,0.25,0.25,0.2
REC-0478,DEV-0207,CASE-0478,77.1,71.8,76.8,4.3,79.4,0.3,0.25,0.25,0.2
REC-0479,DEV-0038,CASE-0479,79.0,69.1,75.0,5.8,78.6,0.3,0.25,0.25,0.2
REC-0480,DEV-0186,CASE-0480,89.7,60.6,83.2,8.8,81.1,0.3,0.25,0.25,0.2
REC-0481,DEV-0153,CASE-0481,91.3,83.0,69.6,3.4,84.9,0.3,0.25,0.25,0.2
REC-0482,DEV-0077,CASE-0482,86.8,80.0,72.9,7.3,82.8,0.3,0.25,0.25,0.2
REC-0483,DEV-0240,CASE-0483,90.5,80.3,84.0,2.8,87.7,0.3,0.25,0.25,0.2
REC-0484,DEV-0223,CASE-0484,73.2,67.8,65.8,11.0,73.2,0.3,0.25,0.25,0.2
REC-0485,DEV-0156,CASE-0485,72.5,56.0,69.8,8.3,71.5,0.3,0.25,0.25,0.2
REC-0486,DEV-0204,CASE-0486,85.0,76.8,90.9,6.5,86.1,0.3,0.25,0.25,0.2
REC-0487,DEV-0166,CASE-0487,73.1,80.2,88.5,2.5,83.6,0.3,0.25,0.25,0.2
REC-0488,DEV-0122,CASE-0488,77.8,80.4,75.9,6.7,81.1,0.3,0.25,0.25,0.2
REC-0489,DEV-0148,CASE-0489,91.8,58.1,84.6,4.1,82.4,0.3,0.25,0.25,0.2
REC-0490,DEV-0123,CASE-0490,73.5,76.9,68.5,9.5,76.5,0.3,0.25,0.25,0.2
REC-0491,DEV-0128,CASE-0491,76.9,56.6,67.9,10.4,72.1,0.3,0.25,0.25,0.2
REC-0492,DEV-0175,CASE-0492,80.9,65.0,79.2,8.3,78.7,0.3,0.25,0.25,0.2
REC-0493,DEV-0177,CASE-0493,72.9,84.6,92.8,6.2,85.0,0.3,0.25,0.25,0.2
REC-0494,DEV-0122,CASE-0494,81.9,84.0,77.5,10.6,82.8,0.3,0.25,0.25,0.2
REC-0495,DEV-0075,CASE-0495,72.7,71.2,92.6,4.5,81.9,0.3,0.25,0.25,0.2
REC-0496,DEV-0172,CASE-0496,78.4,75.8,91.9,4.0,84.6,0.3,0.25,0.25,0.2
REC-0497,DEV-0019,CASE-0497,94.1,76.9,93.8,9.4,89.0,0.3,0.25,0.25,0.2
REC-0498,DEV-0052,CASE-0498,88.0,81.9,70.1,11.5,82.1,0.3,0.25,0.25,0.2
REC-0499,DEV-0006,CASE-0499,76.0,55.8,85.2,3.8,77.3,0.3,0.25,0.25,0.2
REC-0500,DEV-0220,CASE-0500,90.2,81.2,71.9,2.9,84.8,0.3,0.25,0.25,0.2
REC-0501,DEV-0067,CASE-0501,84.0,84.4,89.6,3.2,88.1,0.3,0.25,0.25,0.2
REC-0502,DEV-0203,CASE-0502,95.2,63.7,75.1,3.5,82.6,0.3,0.25,0.25,0.2
REC-0503,DEV-0178,CASE-0503,81.1,76.0,79.7,10.3,81.2,0.3,0.25,0.25,0.2
REC-0504,DEV-0011,CASE-0504,87.4,63.7,81.2,2.6,81.9,0.3,0.25,0.25,0.2
REC-0505,DEV-0130,CASE-0505,85.9,67.9,67.9,5.1,78.7,0.3,0.25,0.25,0.2
REC-0506,DEV-0104,CASE-0506,93.6,74.3,91.2,6.1,88.2,0.3,0.25,0.25,0.2
REC-0507,DEV-0127,CASE-0507,95.5,66.9,86.9,5.1,86.1,0.3,0.25,0.25,0.2
REC-0508,DEV-0080,CASE-0508,74.5,82.5,87.1,10.2,82.7,0.3,0.25,0.25,0.2
REC-0509,DEV-0234,CASE-0509,79.2,78.2,71.4,2.1,80.7,0.3,0.25,0.25,0.2
REC-0510,DEV-0034,CASE-0510,92.8,72.3,93.5,5.9,88.1,0.3,0.25,0.25,0.2
REC-0511,DEV-0211,CASE-0511,95.0,75.3,79.9,5.0,86.3,0.3,0.25,0.25,0.2
REC-0512,DEV-0030,CASE-0512,91.8,82.4,77.1,9.3,85.6,0.3,0.25,0.25,0.2
REC-0513,DEV-0035,CASE-0513,82.7,79.4,93.8,4.6,87.2,0.3,0.25,0.25,0.2
REC-0514,DEV-0119,CASE-0514,87.2,67.5,80.9,10.7,81.1,0.3,0.25,0.25,0.2
REC-0515,DEV-0048,CASE-0515,80.3,57.4,88.2,7.6,79.0,0.3,0.25,0.25,0.2
REC-0516,DEV-0015,CASE-0516,82.8,61.0,67.7,4.8,76.1,0.3,0.25,0.25,0.2
REC-0517,DEV-0223,CASE-0517,89.3,68.6,81.5,2.8,83.8,0.3,0.25,0.25,0.2
REC-0518,DEV-0178,CASE-0518,75.0,55.4,84.5,4.6,76.6,0.3,0.25,0.25,0.2
REC-0519,DEV-0074,CASE-0519,95.2,65.2,75.5,6.7,82.4,0.3,0.25,0.25,0.2
REC-0520,DEV-0239,CASE-0520,79.7,82.0,90.4,2.1,86.6,0.3,0.25,0.25,0.2
REC-0521,DEV-0078,CASE-0521,87.7,77.6,92.9,5.7,87.8,0.3,0.25,0.25,0.2
REC-0522,DEV-0022,CASE-0522,76.7,72.2,78.0,9.9,78.6,0.3,0.25,0.25,0.2
REC-0523,DEV-0182,CASE-0523,93.7,57.9,89.6,11.1,82.8,0.3,0.25,0.25,0.2
REC-0524,DEV-0075,CASE-0524,94.2,80.2,86.5,2.1,89.5,0.3,0.25,0.25,0.2
REC-0525,DEV-0186,CASE-0525,94.1,66.6,66.2,6.1,80.2,0.3,0.25,0.25,0.2
REC-0526,DEV-0094,CASE-0526,89.6,69.6,87.0,7.1,84.6,0.3,0.25,0.25,0.2
REC-0527,DEV-0139,CASE-0527,79.2,61.7,77.2,2.4,78.0,0.3,0.25,0.25,0.2
REC-0528,DEV-0028,CASE-0528,82.1,57.3,90.4,7.8,80.0,0.3,0.25,0.25,0.2
REC-0529,DEV-0008,CASE-0529,87.5,64.5,71.5,9.1,78.4,0.3,0.25,0.25,0.2
REC-0530,DEV-0206,CASE-0530,88.1,59.0,71.9,11.5,76.9,0.3,0.25,0.25,0.2
REC-0531,DEV-0150,CASE-0531,79.3,55.9,66.8,9.8,72.5,0.3,0.25,0.25,0.2
REC-0532,DEV-0131,CASE-0532,90.2,67.6,69.4,7.0,79.9,0.3,0.25,0.25,0.2
REC-0533,DEV-0227,CASE-0533,80.0,67.3,72.6,2.6,78.5,0.3,0.25,0.25,0.2
REC-0534,DEV-0051,CASE-0534,91.0,75.4,89.2,7.0,87.1,0.3,0.25,0.25,0.2
REC-0535,DEV-0100,CASE-0535,95.6,86.8,72.9,5.9,87.4,0.3,0.25,0.25,0.2
REC-0536,DEV-0190,CASE-0536,90.1,80.6,91.4,8.5,88.3,0.3,0.25,0.25,0.2
REC-0537,DEV-0014,CASE-0537,83.4,67.5,77.2,10.5,79.1,0.3,0.25,0.25,0.2
REC-0538,DEV-0068,CASE-0538,95.5,56.7,81.8,7.2,81.8,0.3,0.25,0.25,0.2
REC-0539,DEV-0152,CASE-0539,81.0,83.1,81.7,5.1,84.5,0.3,0.25,0.25,0.2
REC-0540,DEV-0104,CASE-0540,82.7,66.8,77.5,2.7,80.3,0.3,0.25,0.25,0.2
REC-0541,DEV-0101,CASE-0541,74.7,75.6,84.8,8.4,80.8,0.3,0.25,0.25,0.2
REC-0542,DEV-0242,CASE-0542,90.3,86.1,90.0,6.2,89.9,0.3,0.25,0.25,0.2
REC-0543,DEV-0095,CASE-0543,77.2,65.3,82.0,10.6,77.9,0.3,0.25,0.25,0.2
REC-0544,DEV-0134,CASE-0544,88.8,72.9,82.5,7.3,84.0,0.3,0.25,0.25,0.2
REC-0545,DEV-0149,CASE-0545,95.3,81.9,87.7,7.2,89.5,0.3,0.25,0.25,0.2
REC-0546,DEV-0074,CASE-0546,80.0,55.6,66.3,2.3,74.0,0.3,0.25,0.25,0.2
REC-0547,DEV-0165,CASE-0547,95.5,58.8,69.1,6.8,79.3,0.3,0.25,0.25,0.2
REC-0548,DEV-0048,CASE-0548,83.6,85.4,67.1,11.6,80.9,0.3,0.25,0.25,0.2
REC-0549,DEV-0221,CASE-0549,77.2,87.0,80.7,8.5,83.4,0.3,0.25,0.25,0.2
REC-0550,DEV-0002,CASE-0550,79.6,75.2,85.6,2.1,83.7,0.3,0.25,0.25,0.2
REC-0551,DEV-0062,CASE-0551,72.8,87.6,78.3,11.4,81.0,0.3,0.25,0.25,0.2
REC-0552,DEV-0186,CASE-0552,89.5,67.3,69.4,11.8,78.7,0.3,0.25,0.25,0.2
REC-0553,DEV-0220,CASE-0553,86.0,61.3,84.8,2.9,81.7,0.3,0.25,0.25,0.2
REC-0554,DEV-0049,CASE-0554,92.8,58.0,71.8,2.9,79.7,0.3,0.25,0.25,0.2
REC-0555,DEV-0209,CASE-0555,74.5,72.3,84.9,9.9,79.7,0.3,0.25,0.25,0.2
REC-0556,DEV-0126,CASE-0556,88.7,67.0,81.2,11.3,81.4,0.3,0.25,0.25,0.2
REC-0557,DEV-0061,CASE-0557,81.3,63.3,80.1,5.0,79.2,0.3,0.25,0.25,0.2
REC-0558,DEV-0117,CASE-0558,78.3,80.7,90.8,7.0,85.0,0.3,0.25,0.25,0.2
REC-0559,DEV-0248,CASE-0559,90.7,61.2,80.9,8.4,81.1,0.3,0.25,0.25,0.2
REC-0560,DEV-0126,CASE-0560,83.8,58.9,86.3,10.4,79.4,0.3,0.25,0.25,0.2
REC-0561,DEV-0242,CASE-0561,87.2,60.6,67.2,5.0,77.1,0.3,0.25,0.25,0.2
REC-0562,DEV-0107,CASE-0562,72.9,82.7,85.4,7.6,82.4,0.3,0.25,0.25,0.2
REC-0563,DEV-0055,CASE-0563,93.4,58.6,85.7,3.5,83.4,0.3,0.25,0.25,0.2
REC-0564,DEV-0181,CASE-0564,73.5,59.4,92.6,6.4,78.8,0.3,0.25,0.25,0.2
REC-0565,DEV-0211,CASE-0565,73.2,74.3,70.8,2.1,77.8,0.3,0.25,0.25,0.2
REC-0566,DEV-0229,CASE-0566,90.2,60.1,92.3,7.9,83.6,0.3,0.25,0.25,0.2
REC-0567,DEV-0078,CASE-0567,74.1,62.2,82.7,5.4,77.4,0.3,0.25,0.25,0.2
REC-0568,DEV-0138,CASE-0568,84.8,81.4,88.0,9.0,86.0,0.3,0.25,0.25,0.2
REC-0569,DEV-0061,CASE-0569,93.3,61.6,70.1,10.0,78.9,0.3,0.25,0.25,0.2
REC-0570,DEV-0161,CASE-0570,79.7,71.9,86.6,6.0,82.3,0.3,0.25,0.25,0.2
REC-0571,DEV-0031,CASE-0571,75.1,77.4,88.7,2.1,83.6,0.3,0.25,0.25,0.2
REC-0572,DEV-0130,CASE-0572,85.5,70.5,72.5,3.6,80.7,0.3,0.25,0.25,0.2
REC-0573,DEV-0017,CASE-0573,76.5,78.9,80.5,11.8,80.4,0.3,0.25,0.25,0.2
REC-0574,DEV-0224,CASE-0574,77.8,86.6,79.9,3.5,84.3,0.3,0.25,0.25,0.2
REC-0575,DEV-0080,CASE-0575,75.6,75.1,89.1,9.5,81.8,0.3,0.25,0.25,0.2
REC-0576,DEV-0204,CASE-0576,87.7,60.7,68.1,2.0,78.1,0.3,0.25,0.25,0.2
REC-0577,DEV-0111,CASE-0577,74.4,80.3,91.0,4.4,84.3,0.3,0.25,0.25,0.2
REC-0578,DEV-0144,CASE-0578,91.1,61.6,72.2,4.2,79.9,0.3,0.25,0.25,0.2
REC-0579,DEV-0029,CASE-0579,73.2,61.4,75.8,6.1,75.0,0.3,0.25,0.25,0.2
REC-0580,DEV-0041,CASE-0580,79.4,72.0,76.0,11.7,78.5,0.3,0.25,0.25,0.2
REC-0581,DEV-0059,CASE-0581,91.4,85.7,81.2,8.8,87.4,0.3,0.25,0.25,0.2
REC-0582,DEV-0010,CASE-0582,76.0,79.8,71.8,3.5,80.0,0.3,0.25,0.25,0.2
REC-0583,DEV-0215,CASE-0583,73.0,70.6,73.3,11.9,75.5,0.3,0.25,0.25,0.2
REC-0584,DEV-0003,CASE-0584,78.0,83.6,74.2,9.5,80.9,0.3,0.25,0.25,0.2
REC-0585,DEV-0054,CASE-0585,87.8,73.5,77.1,8.7,82.2,0.3,0.25,0.25,0.2
REC-0586,DEV-0077,CASE-0586,81.8,73.1,82.1,4.7,82.4,0.3,0.25,0.25,0.2
REC-0587,DEV-0090,CASE-0587,80.2,55.6,89.7,9.6,78.5,0.3,0.25,0.25,0.2
REC-0588,DEV-0116,CASE-0588,76.4,66.9,77.2,5.3,77.9,0.3,0.25,0.25,0.2
REC-0589,DEV-0070,CASE-0589,91.2,78.9,87.2,11.0,86.7,0.3,0.25,0.25,0.2
REC-0590,DEV-0065,CASE-0590,86.3,75.3,85.9,8.8,84.4,0.3,0.25,0.25,0.2
REC-0591,DEV-0175,CASE-0591,92.9,80.4,68.5,11.3,82.8,0.3,0.25,0.25,0.2
REC-0592,DEV-0070,CASE-0592,88.4,59.2,87.4,5.6,82.1,0.3,0.25,0.25,0.2
REC-0593,DEV-0121,CASE-0593,91.3,86.5,72.4,10.6,85.0,0.3,0.25,0.25,0.2
REC-0594,DEV-0071,CASE-0594,90.6,77.1,76.2,3.1,84.9,0.3,0.25,0.25,0.2
REC-0595,DEV-0175,CASE-0595,83.6,58.5,79.5,10.2,77.5,0.3,0.25,0.25,0.2
REC-0596,DEV-0045,CASE-0596,95.9,61.5,71.0,10.1,79.9,0.3,0.25,0.25,0.2
REC-0597,DEV-0172,CASE-0597,83.3,85.2,87.3,9.4,86.2,0.3,0.25,0.25,0.2
REC-0598,DEV-0150,CASE-0598,74.4,56.2,74.2,4.2,74.1,0.3,0.25,0.25,0.2
REC-0599,DEV-0112,CASE-0599,89.1,69.9,80.2,10.1,82.2,0.3,0.25,0.25,0.2
REC-0600,DEV-0083,CASE-0600,83.5,73.0,89.4,6.3,84.4,0.3,0.25,0.25,0.2
REC-0601,DEV-0001,CASE-0601,74.0,72.2,81.8,7.1,79.3,0.3,0.25,0.25,0.2
REC-0602,DEV-0245,CASE-0602,78.2,62.4,75.7,3.7,77.2,0.3,0.25,0.25,0.2
REC-0603,DEV-0177,CASE-0603,88.0,75.3,83.3,4.2,85.2,0.3,0.25,0.25,0.2
REC-0604,DEV-0222,CASE-0604,77.9,81.0,85.0,10.8,82.7,0.3,0.25,0.25,0.2
REC-0605,DEV-0158,CASE-0605,81.7,73.1,86.4,11.7,82.0,0.3,0.25,0.25,0.2
REC-0606,DEV-0191,CASE-0606,95.8,88.0,90.8,8.4,91.8,0.3,0.25,0.25,0.2
REC-0607,DEV-0158,CASE-0607,72.2,78.1,71.9,2.6,78.6,0.3,0.25,0.25,0.2
REC-0608,DEV-0236,CASE-0608,88.7,79.9,84.1,5.7,86.5,0.3,0.25,0.25,0.2
REC-0609,DEV-0162,CASE-0609,84.3,85.9,86.2,7.0,86.9,0.3,0.25,0.25,0.2
REC-0610,DEV-0012,CASE-0610,86.2,85.6,76.4,3.0,85.8,0.3,0.25,0.25,0.2
REC-0611,DEV-0077,CASE-0611,79.8,68.7,72.9,7.3,77.9,0.3,0.25,0.25,0.2
REC-0612,DEV-0187,CASE-0612,79.3,58.4,70.5,11.2,73.8,0.3,0.25,0.25,0.2
REC-0613,DEV-0042,CASE-0613,87.1,65.4,75.6,6.9,80.0,0.3,0.25,0.25,0.2
REC-0614,DEV-0154,CASE-0614,88.2,74.2,92.0,8.3,86.4,0.3,0.25,0.25,0.2
REC-0615,DEV-0250,CASE-0615,93.9,55.2,90.8,9.2,82.8,0.3,0.25,0.25,0.2
REC-0616,DEV-0054,CASE-0616,76.1,63.7,80.7,3.2,78.3,0.3,0.25,0.25,0.2
REC-0617,DEV-0230,CASE-0617,90.8,81.1,73.7,2.7,85.4,0.3,0.25,0.25,0.2
REC-0618,DEV-0062,CASE-0618,95.7,63.3,67.0,5.3,80.2,0.3,0.25,0.25,0.2
REC-0619,DEV-0164,CASE-0619,95.3,81.2,78.9,5.1,87.6,0.3,0.25,0.25,0.2
REC-0620,DEV-0065,CASE-0620,82.2,55.6,85.8,3.0,79.4,0.3,0.25,0.25,0.2
REC-0621,DEV-0056,CASE-0621,84.5,73.7,65.0,11.8,77.7,0.3,0.25,0.25,0.2
REC-0622,DEV-0160,CASE-0622,79.3,57.5,89.8,3.5,79.9,0.3,0.25,0.25,0.2
REC-0623,DEV-0056,CASE-0623,72.6,71.3,68.8,11.8,74.4,0.3,0.25,0.25,0.2
REC-0624,DEV-0015,CASE-0624,72.2,56.7,89.2,4.4,77.3,0.3,0.25,0.25,0.2
REC-0625,DEV-0132,CASE-0625,93.9,65.3,67.0,2.1,80.8,0.3,0.25,0.25,0.2
REC-0626,DEV-0122,CASE-0626,78.8,70.6,65.0,7.8,76.0,0.3,0.25,0.25,0.2
REC-0627,DEV-0204,CASE-0627,80.0,67.9,72.6,7.3,77.7,0.3,0.25,0.25,0.2
REC-0628,DEV-0237,CASE-0628,77.5,59.4,90.8,5.9,79.6,0.3,0.25,0.25,0.2
REC-0629,DEV-0164,CASE-0629,73.8,62.6,74.0,9.7,74.3,0.3,0.25,0.25,0.2
REC-0630,DEV-0044,CASE-0630,72.5,70.8,76.8,11.7,76.3,0.3,0.25,0.25,0.2
REC-0631,DEV-0236,CASE-0631,76.3,75.7,70.9,7.5,78.0,0.3,0.25,0.25,0.2
REC-0632,DEV-0245,CASE-0632,85.3,57.5,78.2,6.6,78.2,0.3,0.25,0.25,0.2
REC-0633,DEV-0112,CASE-0633,79.7,64.1,71.5,2.1,77.4,0.3,0.25,0.25,0.2
REC-0634,DEV-0157,CASE-0634,72.0,74.5,73.5,3.7,77.9,0.3,0.25,0.25,0.2
REC-0635,DEV-0221,CASE-0635,88.4,72.5,91.5,10.3,85.5,0.3,0.25,0.25,0.2
REC-0636,DEV-0177,CASE-0636,89.4,59.2,84.3,8.9,80.9,0.3,0.25,0.25,0.2
REC-0637,DEV-0102,CASE-0637,90.3,63.7,83.6,8.2,82.3,0.3,0.25,0.25,0.2
REC-0638,DEV-0187,CASE-0638,81.2,76.9,67.5,8.4,78.8,0.3,0.25,0.25,0.2
REC-0639,DEV-0111,CASE-0639,86.5,62.0,88.7,10.7,81.5,0.3,0.25,0.25,0.2
REC-0640,DEV-0228,CASE-0640,77.1,57.5,82.5,6.8,76.8,0.3,0.25,0.25,0.2
REC-0641,DEV-0207,CASE-0641,82.3,80.1,93.1,6.8,86.6,0.3,0.25,0.25,0.2
REC-0642,DEV-0247,CASE-0642,72.1,74.7,84.0,10.3,79.2,0.3,0.25,0.25,0.2
REC-0643,DEV-0097,CASE-0643,76.8,72.3,78.0,8.6,78.9,0.3,0.25,0.25,0.2
REC-0644,DEV-0116,CASE-0644,73.5,84.2,79.8,10.8,80.9,0.3,0.25,0.25,0.2
REC-0645,DEV-0208,CASE-0645,80.2,76.6,92.7,11.4,84.1,0.3,0.25,0.25,0.2
REC-0646,DEV-0125,CASE-0646,94.7,56.4,76.7,2.6,81.2,0.3,0.25,0.25,0.2
REC-0647,DEV-0159,CASE-0647,79.4,60.8,83.0,9.8,77.8,0.3,0.25,0.25,0.2
REC-0648,DEV-0148,CASE-0648,84.3,81.3,65.4,10.2,79.9,0.3,0.25,0.25,0.2
REC-0649,DEV-0021,CASE-0649,76.3,70.2,77.8,10.7,77.8,0.3,0.25,0.25,0.2
REC-0650,DEV-0133,CASE-0650,95.2,63.4,67.0,8.5,79.5,0.3,0.25,0.25,0.2
REC-0651,DEV-0212,CASE-0651,84.1,73.7,66.3,9.8,78.3,0.3,0.25,0.25,0.2
REC-0652,DEV-0102,CASE-0652,77.6,66.1,71.6,11.5,75.4,0.3,0.25,0.25,0.2
REC-0653,DEV-0150,CASE-0653,76.0,79.2,72.1,6.2,79.4,0.3,0.25,0.25,0.2
REC-0654,DEV-0029,CASE-0654,95.9,58.3,90.6,11.5,83.7,0.3,0.25,0.25,0.2
REC-0655,DEV-0221,CASE-0655,88.8,55.3,88.8,10.8,80.5,0.3,0.25,0.25,0.2
REC-0656,DEV-0241,CASE-0656,95.5,82.7,77.9,8.9,87.0,0.3,0.25,0.25,0.2
REC-0657,DEV-0192,CASE-0657,83.6,66.6,83.2,9.7,80.6,0.3,0.25,0.25,0.2
REC-0658,DEV-0211,CASE-0658,87.3,82.3,70.1,5.7,83.1,0.3,0.25,0.25,0.2
REC-0659,DEV-0077,CASE-0659,79.5,61.4,77.9,11.5,76.4,0.3,0.25,0.25,0.2
REC-0660,DEV-0130,CASE-0660,84.9,64.5,75.3,8.1,78.8,0.3,0.25,0.25,0.2
REC-0661,DEV-0205,CASE-0661,80.5,72.8,73.0,5.5,79.5,0.3,0.25,0.25,0.2
REC-0662,DEV-0081,CASE-0662,88.9,74.3,67.7,11.7,79.8,0.3,0.25,0.25,0.2
REC-0663,DEV-0078,CASE-0663,73.2,57.7,85.3,9.1,75.9,0.3,0.25,0.25,0.2
REC-0664,DEV-0069,CASE-0664,72.5,76.2,66.0,11.6,75.0,0.3,0.25,0.25,0.2
REC-0665,DEV-0092,CASE-0665,88.7,61.2,69.6,7.7,77.8,0.3,0.25,0.25,0.2
REC-0666,DEV-0090,CASE-0666,87.2,82.4,91.2,5.9,88.4,0.3,0.25,0.25,0.2
REC-0667,DEV-0227,CASE-0667,92.3,72.9,78.6,9.0,83.8,0.3,0.25,0.25,0.2
REC-0668,DEV-0232,CASE-0668,74.5,63.8,88.7,7.0,79.1,0.3,0.25,0.25,0.2
REC-0669,DEV-0033,CASE-0669,93.8,57.9,74.1,5.6,80.0,0.3,0.25,0.25,0.2
REC-0670,DEV-0045,CASE-0670,82.1,87.6,74.0,7.2,83.6,0.3,0.25,0.25,0.2
REC-0671,DEV-0162,CASE-0671,84.9,80.4,80.0,8.1,84.0,0.3,0.25,0.25,0.2
REC-0672,DEV-0145,CASE-0672,90.1,58.3,92.9,10.5,82.7,0.3,0.25,0.25,0.2
REC-0673,DEV-0203,CASE-0673,81.3,79.0,87.1,10.5,83.8,0.3,0.25,0.25,0.2
REC-0674,DEV-0095,CASE-0674,76.5,78.2,66.0,3.2,78.4,0.3,0.25,0.25,0.2
REC-0675,DEV-0219,CASE-0675,90.6,81.8,82.2,7.8,86.6,0.3,0.25,0.25,0.2
REC-0676,DEV-0123,CASE-0676,90.0,84.9,77.2,3.1,86.9,0.3,0.25,0.25,0.2
REC-0677,DEV-0224,CASE-0677,92.1,66.3,68.9,8.1,79.8,0.3,0.25,0.25,0.2
REC-0678,DEV-0126,CASE-0678,85.9,70.7,89.9,4.7,85.0,0.3,0.25,0.25,0.2
REC-0679,DEV-0057,CASE-0679,72.3,65.7,65.3,7.4,73.0,0.3,0.25,0.25,0.2
REC-0680,DEV-0226,CASE-0680,81.1,81.9,88.1,6.3,85.6,0.3,0.25,0.25,0.2
REC-0681,DEV-0068,CASE-0681,77.2,68.9,83.6,3.9,80.5,0.3,0.25,0.25,0.2
REC-0682,DEV-0172,CASE-0682,90.6,65.9,92.0,7.1,85.2,0.3,0.25,0.25,0.2
REC-0683,DEV-0242,CASE-0683,92.3,75.3,81.1,8.8,85.0,0.3,0.25,0.25,0.2
REC-0684,DEV-0013,CASE-0684,91.5,76.3,88.1,3.9,87.8,0.3,0.25,0.25,0.2
REC-0685,DEV-0178,CASE-0685,78.7,62.6,88.2,2.9,80.7,0.3,0.25,0.25,0.2
REC-0686,DEV-0018,CASE-0686,91.1,67.8,67.3,6.2,79.9,0.3,0.25,0.25,0.2
REC-0687,DEV-0096,CASE-0687,79.2,74.5,78.7,5.0,81.1,0.3,0.25,0.25,0.2
REC-0688,DEV-0009,CASE-0688,92.7,68.4,78.7,10.5,82.5,0.3,0.25,0.25,0.2
REC-0689,DEV-0047,CASE-0689,74.1,67.9,76.7,7.0,77.0,0.3,0.25,0.25,0.2
REC-0690,DEV-0057,CASE-0690,74.5,58.4,77.1,2.3,75.8,0.3,0.25,0.25,0.2
REC-0691,DEV-0247,CASE-0691,78.1,61.6,79.2,2.1,78.2,0.3,0.25,0.25,0.2
REC-0692,DEV-0173,CASE-0692,88.2,83.2,85.5,10.2,86.6,0.3,0.25,0.25,0.2
REC-0693,DEV-0156,CASE-0693,87.4,71.7,71.4,4.8,81.0,0.3,0.25,0.25,0.2
REC-0694,DEV-0066,CASE-0694,79.6,56.3,91.5,11.0,78.6,0.3,0.25,0.25,0.2
REC-0695,DEV-0017,CASE-0695,74.6,73.4,78.6,8.8,78.6,0.3,0.25,0.25,0.2
REC-0696,DEV-0165,CASE-0696,86.5,59.1,84.1,8.1,80.1,0.3,0.25,0.25,0.2
REC-0697,DEV-0069,CASE-0697,84.7,68.3,92.7,10.5,83.6,0.3,0.25,0.25,0.2
REC-0698,DEV-0225,CASE-0698,86.0,55.2,77.5,9.0,77.2,0.3,0.25,0.25,0.2
REC-0699,DEV-0233,CASE-0699,74.8,68.4,70.6,5.4,76.1,0.3,0.25,0.25,0.2
REC-0700,DEV-0164,CASE-0700,72.6,59.2,78.2,11.0,73.9,0.3,0.25,0.25,0.2
REC-0701,DEV-0134,CASE-0701,83.8,70.0,87.8,4.7,83.7,0.3,0.25,0.25,0.2
REC-0702,DEV-0014,CASE-0702,74.3,61.9,87.9,8.8,78.0,0.3,0.25,0.25,0.2
REC-0703,DEV-0187,CASE-0703,74.2,77.0,92.0,2.4,84.0,0.3,0.25,0.25,0.2
REC-0704,DEV-0228,CASE-0704,86.8,67.5,79.5,7.3,81.3,0.3,0.25,0.25,0.2
REC-0705,DEV-0174,CASE-0705,90.5,73.4,82.2,5.3,85.0,0.3,0.25,0.25,0.2
REC-0706,DEV-0096,CASE-0706,75.0,77.5,65.0,5.3,77.1,0.3,0.25,0.25,0.2
REC-0707,DEV-0027,CASE-0707,77.2,67.8,74.0,9.0,76.8,0.3,0.25,0.25,0.2
REC-0708,DEV-0128,CASE-0708,78.2,73.5,78.2,10.0,79.4,0.3,0.25,0.25,0.2
REC-0709,DEV-0057,CASE-0709,82.3,83.5,65.0,8.0,80.2,0.3,0.25,0.25,0.2
REC-0710,DEV-0042,CASE-0710,72.2,78.6,71.8,5.8,78.1,0.3,0.25,0.25,0.2
REC-0711,DEV-0207,CASE-0711,81.1,82.9,68.0,8.7,80.3,0.3,0.25,0.25,0.2
REC-0712,DEV-0242,CASE-0712,95.6,55.7,93.0,2.2,85.4,0.3,0.25,0.25,0.2
REC-0713,DEV-0156,CASE-0713,92.2,86.7,93.8,6.6,91.5,0.3,0.25,0.25,0.2
REC-0714,DEV-0029,CASE-0714,92.8,59.0,77.3,5.1,80.9,0.3,0.25,0.25,0.2
REC-0715,DEV-0059,CASE-0715,81.5,78.2,67.5,12.0,78.5,0.3,0.25,0.25,0.2
REC-0716,DEV-0078,CASE-0716,87.2,83.8,89.1,9.7,87.4,0.3,0.25,0.25,0.2
REC-0717,DEV-0060,CASE-0717,72.9,72.0,74.5,3.1,77.9,0.3,0.25,0.25,0.2
REC-0718,DEV-0004,CASE-0718,80.2,76.3,71.7,6.4,79.8,0.3,0.25,0.25,0.2
REC-0719,DEV-0122,CASE-0719,81.7,56.7,83.2,8.2,77.8,0.3,0.25,0.25,0.2
REC-0720,DEV-0045,CASE-0720,95.2,64.8,77.1,6.0,82.8,0.3,0.25,0.25,0.2
REC-0721,DEV-0110,CASE-0721,94.1,68.5,77.8,4.5,83.9,0.3,0.25,0.25,0.2
REC-0722,DEV-0029,CASE-0722,72.0,58.6,85.4,8.8,75.8,0.3,0.25,0.25,0.2
REC-0723,DEV-0215,CASE-0723,79.7,70.6,73.6,9.3,78.1,0.3,0.25,0.25,0.2
REC-0724,DEV-0191,CASE-0724,92.2,84.7,70.0,9.0,84.5,0.3,0.25,0.25,0.2
REC-0725,DEV-0178,CASE-0725,95.1,76.5,75.2,8.4,84.8,0.3,0.25,0.25,0.2
REC-0726,DEV-0011,CASE-0726,88.5,68.1,68.0,8.1,79.0,0.3,0.25,0.25,0.2
REC-0727,DEV-0213,CASE-0727,91.3,87.9,71.5,9.0,85.4,0.3,0.25,0.25,0.2
REC-0728,DEV-0062,CASE-0728,72.7,87.0,65.4,5.6,78.8,0.3,0.25,0.25,0.2
REC-0729,DEV-0113,CASE-0729,73.8,75.5,74.8,9.3,77.9,0.3,0.25,0.25,0.2
REC-0730,DEV-0121,CASE-0730,83.7,68.8,75.1,2.9,80.5,0.3,0.25,0.25,0.2
REC-0731,DEV-0197,CASE-0731,76.9,76.1,79.4,2.7,81.4,0.3,0.25,0.25,0.2
REC-0732,DEV-0007,CASE-0732,85.1,56.8,79.8,11.6,77.4,0.3,0.25,0.25,0.2
REC-0733,DEV-0021,CASE-0733,79.4,78.9,86.6,6.0,84.0,0.3,0.25,0.25,0.2
REC-0734,DEV-0214,CASE-0734,86.2,70.6,73.2,9.5,79.9,0.3,0.25,0.25,0.2
REC-0735,DEV-0218,CASE-0735,88.9,84.7,82.9,5.9,87.4,0.3,0.25,0.25,0.2
REC-0736,DEV-0104,CASE-0736,89.1,75.4,82.9,10.5,84.2,0.3,0.25,0.25,0.2
REC-0737,DEV-0145,CASE-0737,93.9,60.9,74.1,8.5,80.2,0.3,0.25,0.25,0.2
REC-0738,DEV-0200,CASE-0738,85.4,76.5,77.6,6.1,82.9,0.3,0.25,0.25,0.2
REC-0739,DEV-0229,CASE-0739,74.8,75.6,70.1,8.7,77.1,0.3,0.25,0.25,0.2
REC-0740,DEV-0242,CASE-0740,95.2,63.5,69.1,2.2,81.3,0.3,0.25,0.25,0.2
REC-0741,DEV-0119,CASE-0741,81.1,62.1,79.3,7.2,78.2,0.3,0.25,0.25,0.2
REC-0742,DEV-0172,CASE-0742,80.4,79.7,91.2,4.1,86.0,0.3,0.25,0.25,0.2
REC-0743,DEV-0045,CASE-0743,92.1,59.3,71.6,7.6,78.8,0.3,0.25,0.25,0.2
REC-0744,DEV-0025,CASE-0744,79.4,56.4,73.6,11.0,74.1,0.3,0.25,0.25,0.2
REC-0745,DEV-0106,CASE-0745,76.2,80.2,85.9,3.1,83.8,0.3,0.25,0.25,0.2
REC-0746,DEV-0005,CASE-0746,79.9,61.2,65.7,3.7,75.0,0.3,0.25,0.25,0.2
REC-0747,DEV-0243,CASE-0747,76.8,60.5,67.6,7.3,73.6,0.3,0.25,0.25,0.2
REC-0748,DEV-0233,CASE-0748,79.7,85.0,70.4,8.0,81.2,0.3,0.25,0.25,0.2
REC-0749,DEV-0220,CASE-0749,93.6,56.6,80.0,6.5,80.9,0.3,0.25,0.25,0.2
REC-0750,DEV-0063,CASE-0750,94.3,76.9,75.1,9.1,84.5,0.3,0.25,0.25,0.2
REC-0751,DEV-0175,CASE-0751,86.0,66.5,87.8,8.7,82.6,0.3,0.25,0.25,0.2
REC-0752,DEV-0249,CASE-0752,72.1,83.5,76.5,8.5,79.9,0.3,0.25,0.25,0.2
REC-0753,DEV-0048,CASE-0753,81.5,84.1,83.9,7.8,84.9,0.3,0.25,0.25,0.2
REC-0754,DEV-0093,CASE-0754,95.5,64.3,66.9,7.2,80.0,0.3,0.25,0.25,0.2
REC-0755,DEV-0151,CASE-0755,82.2,70.0,83.0,8.2,81.3,0.3,0.25,0.25,0.2
REC-0756,DEV-0059,CASE-0756,81.4,83.5,83.9,10.9,84.1,0.3,0.25,0.25,0.2
REC-0757,DEV-0175,CASE-0757,93.9,60.5,84.7,5.2,83.4,0.3,0.25,0.25,0.2
REC-0758,DEV-0155,CASE-0758,92.1,79.2,70.8,11.4,82.8,0.3,0.25,0.25,0.2
REC-0759,DEV-0139,CASE-0759,88.4,86.3,70.9,10.7,83.7,0.3,0.25,0.25,0.2
REC-0760,DEV-0224,CASE-0760,88.0,73.2,88.8,8.3,85.2,0.3,0.25,0.25,0.2
REC-0761,DEV-0067,CASE-0761,88.1,63.4,88.7,8.5,82.8,0.3,0.25,0.25,0.2
REC-0762,DEV-0152,CASE-0762,92.3,66.6,74.6,2.2,82.5,0.3,0.25,0.25,0.2
REC-0763,DEV-0066,CASE-0763,90.4,65.9,74.5,8.9,80.4,0.3,0.25,0.25,0.2
REC-0764,DEV-0234,CASE-0764,78.1,85.0,80.6,11.7,82.5,0.3,0.25,0.25,0.2
REC-0765,DEV-0110,CASE-0765,73.8,66.1,76.1,9.3,75.8,0.3,0.25,0.25,0.2
REC-0766,DEV-0105,CASE-0766,77.1,67.4,91.4,3.1,82.2,0.3,0.25,0.25,0.2
REC-0767,DEV-0220,CASE-0767,89.9,78.2,68.8,8.9,81.9,0.3,0.25,0.25,0.2
REC-0768,DEV-0184,CASE-0768,85.7,64.5,74.0,10.3,78.3,0.3,0.25,0.25,0.2
REC-0769,DEV-0078,CASE-0769,77.5,71.9,84.8,3.3,81.8,0.3,0.25,0.25,0.2
REC-0770,DEV-0201,CASE-0770,94.4,63.6,74.2,8.7,81.0,0.3,0.25,0.25,0.2
REC-0771,DEV-0094,CASE-0771,73.9,75.7,91.6,4.5,83.1,0.3,0.25,0.25,0.2
REC-0772,DEV-0036,CASE-0772,80.7,62.7,88.7,3.7,81.3,0.3,0.25,0.25,0.2
REC-0773,DEV-0023,CASE-0773,80.3,74.8,76.7,2.7,81.4,0.3,0.25,0.25,0.2
REC-0774,DEV-0049,CASE-0774,94.7,66.2,77.9,3.7,83.7,0.3,0.25,0.25,0.2
REC-0775,DEV-0008,CASE-0775,92.8,64.6,65.6,5.2,79.3,0.3,0.25,0.25,0.2
REC-0776,DEV-0083,CASE-0776,95.6,59.8,65.9,7.8,78.5,0.3,0.25,0.25,0.2
REC-0777,DEV-0013,CASE-0777,80.9,81.2,86.2,3.9,85.3,0.3,0.25,0.25,0.2
REC-0778,DEV-0016,CASE-0778,85.6,56.1,77.7,9.1,77.3,0.3,0.25,0.25,0.2
REC-0779,DEV-0219,CASE-0779,82.0,58.9,66.8,10.5,73.9,0.3,0.25,0.25,0.2
REC-0780,DEV-0023,CASE-0780,93.4,66.3,69.8,11.8,79.7,0.3,0.25,0.25,0.2
REC-0781,DEV-0195,CASE-0781,85.1,70.7,86.5,3.7,84.1,0.3,0.25,0.25,0.2
REC-0782,DEV-0184,CASE-0782,85.9,84.4,65.7,8.7,81.6,0.3,0.25,0.25,0.2
REC-0783,DEV-0121,CASE-0783,85.2,86.4,72.5,10.6,83.2,0.3,0.25,0.25,0.2
REC-0784,DEV-0094,CASE-0784,79.4,69.2,71.2,10.6,76.8,0.3,0.25,0.25,0.2
REC-0785,DEV-0131,CASE-0785,76.7,83.3,78.2,10.4,81.3,0.3,0.25,0.25,0.2
REC-0786,DEV-0028,CASE-0786,78.3,59.4,81.1,7.1,77.2,0.3,0.25,0.25,0.2
REC-0787,DEV-0154,CASE-0787,80.6,76.9,67.8,8.2,78.7,0.3,0.25,0.25,0.2
REC-0788,DEV-0149,CASE-0788,77.1,59.3,91.4,6.6,79.5,0.3,0.25,0.25,0.2
REC-0789,DEV-0124,CASE-0789,90.3,57.9,66.7,6.9,76.9,0.3,0.25,0.25,0.2
REC-0790,DEV-0207,CASE-0790,79.6,55.2,70.3,4.2,74.4,0.3,0.25,0.25,0.2
REC-0791,DEV-0228,CASE-0791,78.9,84.0,77.2,8.8,82.2,0.3,0.25,0.25,0.2
REC-0792,DEV-0098,CASE-0792,72.4,81.9,72.0,5.1,79.2,0.3,0.25,0.25,0.2
REC-0793,DEV-0157,CASE-0793,73.1,68.5,89.7,5.8,80.3,0.3,0.25,0.25,0.2
REC-0794,DEV-0206,CASE-0794,93.8,83.6,66.8,5.1,84.7,0.3,0.25,0.25,0.2
REC-0795,DEV-0007,CASE-0795,93.9,56.0,87.2,11.1,81.8,0.3,0.25,0.25,0.2
REC-0796,DEV-0101,CASE-0796,90.5,79.5,89.5,8.7,87.7,0.3,0.25,0.25,0.2
REC-0797,DEV-0117,CASE-0797,82.2,57.1,87.9,11.1,78.7,0.3,0.25,0.25,0.2
REC-0798,DEV-0028,CASE-0798,84.3,72.6,76.7,10.6,80.5,0.3,0.25,0.25,0.2
REC-0799,DEV-0104,CASE-0799,72.4,75.6,91.3,3.0,82.8,0.3,0.25,0.25,0.2
REC-0800,DEV-0058,CASE-0800,95.0,86.9,92.0,6.6,91.9,0.3,0.25,0.25,0.2
REC-0801,DEV-0034,CASE-0801,81.2,78.3,74.2,2.7,81.9,0.3,0.25,0.25,0.2
REC-0802,DEV-0038,CASE-0802,93.6,76.0,71.0,2.2,84.4,0.3,0.25,0.25,0.2
REC-0803,DEV-0045,CASE-0803,89.4,83.1,76.8,2.8,86.2,0.3,0.25,0.25,0.2
REC-0804,DEV-0244,CASE-0804,87.6,64.8,69.2,7.1,78.4,0.3,0.25,0.25,0.2
REC-0805,DEV-0063,CASE-0805,83.6,72.1,88.9,6.8,84.0,0.3,0.25,0.25,0.2
REC-0806,DEV-0216,CASE-0806,93.6,82.8,83.9,2.6,89.2,0.3,0.25,0.25,0.2
REC-0807,DEV-0155,CASE-0807,92.8,84.9,75.9,7.3,86.6,0.3,0.25,0.25,0.2
REC-0808,DEV-0069,CASE-0808,78.7,55.5,78.9,3.3,76.6,0.3,0.25,0.25,0.2
REC-0809,DEV-0245,CASE-0809,76.4,70.9,90.1,10.4,81.1,0.3,0.25,0.25,0.2
REC-0810,DEV-0092,CASE-0810,95.2,70.9,81.0,10.2,84.5,0.3,0.25,0.25,0.2
REC-0811,DEV-0146,CASE-0811,88.8,61.0,76.5,11.3,78.8,0.3,0.25,0.25,0.2
REC-0812,DEV-0218,CASE-0812,75.5,61.9,76.6,11.4,75.0,0.3,0.25,0.25,0.2
REC-0813,DEV-0089,CASE-0813,74.7,77.2,68.8,7.2,77.5,0.3,0.25,0.25,0.2
REC-0814,DEV-0193,CASE-0814,84.9,56.4,92.7,10.1,80.7,0.3,0.25,0.25,0.2
REC-0815,DEV-0190,CASE-0815,79.3,59.3,75.0,10.9,75.2,0.3,0.25,0.25,0.2
REC-0816,DEV-0145,CASE-0816,75.2,66.5,79.3,2.3,78.6,0.3,0.25,0.25,0.2
REC-0817,DEV-0037,CASE-0817,78.4,74.7,74.4,10.7,78.7,0.3,0.25,0.25,0.2
REC-0818,DEV-0170,CASE-0818,94.5,69.6,80.4,8.3,84.2,0.3,0.25,0.25,0.2
REC-0819,DEV-0073,CASE-0819,87.9,57.1,66.6,10.7,75.2,0.3,0.25,0.25,0.2
REC-0820,DEV-0239,CASE-0820,77.3,74.3,83.1,3.6,81.8,0.3,0.25,0.25,0.2
REC-0821,DEV-0020,CASE-0821,90.3,83.6,73.3,10.8,84.2,0.3,0.25,0.25,0.2
REC-0822,DEV-0127,CASE-0822,73.9,81.4,83.6,7.8,81.9,0.3,0.25,0.25,0.2
REC-0823,DEV-0222,CASE-0823,77.5,66.9,91.4,6.7,81.5,0.3,0.25,0.25,0.2
REC-0824,DEV-0113,CASE-0824,86.3,85.9,78.5,5.9,85.8,0.3,0.25,0.25,0.2
REC-0825,DEV-0076,CASE-0825,93.4,85.1,75.3,7.9,86.5,0.3,0.25,0.25,0.2
REC-0826,DEV-0051,CASE-0826,95.1,56.8,66.2,7.2,77.8,0.3,0.25,0.25,0.2
REC-0827,DEV-0071,CASE-0827,79.0,74.2,86.0,2.7,83.2,0.3,0.25,0.25,0.2
REC-0828,DEV-0075,CASE-0828,93.2,64.1,76.1,5.4,81.9,0.3,0.25,0.25,0.2
REC-0829,DEV-0236,CASE-0829,92.2,60.6,65.8,11.7,76.9,0.3,0.25,0.25,0.2
REC-0830,DEV-0002,CASE-0830,95.5,63.5,65.3,8.5,79.1,0.3,0.25,0.25,0.2
REC-0831,DEV-0122,CASE-0831,87.6,86.0,73.7,3.9,85.4,0.3,0.25,0.25,0.2
REC-0832,DEV-0018,CASE-0832,86.8,73.6,85.8,10.9,83.7,0.3,0.25,0.25,0.2
REC-0833,DEV-0171,CASE-0833,85.4,60.0,82.3,5.7,80.1,0.3,0.25,0.25,0.2
REC-0834,DEV-0184,CASE-0834,82.9,86.7,81.1,3.5,86.1,0.3,0.25,0.25,0.2
REC-0835,DEV-0134,CASE-0835,82.6,62.5,68.9,9.1,75.8,0.3,0.25,0.25,0.2
REC-0836,DEV-0186,CASE-0836,87.1,71.4,77.3,5.2,82.3,0.3,0.25,0.25,0.2
REC-0837,DEV-0085,CASE-0837,74.1,64.9,89.3,9.8,78.8,0.3,0.25,0.25,0.2
REC-0838,DEV-0086,CASE-0838,95.3,76.7,81.1,5.0,87.0,0.3,0.25,0.25,0.2
REC-0839,DEV-0173,CASE-0839,73.8,75.4,79.2,9.6,78.9,0.3,0.25,0.25,0.2
REC-0840,DEV-0015,CASE-0840,81.9,87.5,76.5,5.3,84.5,0.3,0.25,0.25,0.2
REC-0841,DEV-0164,CASE-0841,92.9,68.1,90.3,2.3,87.0,0.3,0.25,0.25,0.2
REC-0842,DEV-0156,CASE-0842,88.6,57.4,69.3,9.0,76.5,0.3,0.25,0.25,0.2
REC-0843,DEV-0068,CASE-0843,79.0,61.9,88.2,11.5,78.9,0.3,0.25,0.25,0.2
REC-0844,DEV-0140,CASE-0844,77.6,65.5,85.7,10.2,79.0,0.3,0.25,0.25,0.2
REC-0845,DEV-0073,CASE-0845,96.0,64.0,81.1,3.3,84.4,0.3,0.25,0.25,0.2
REC-0846,DEV-0128,CASE-0846,79.9,56.5,71.1,7.1,74.5,0.3,0.25,0.25,0.2
REC-0847,DEV-0207,CASE-0847,75.9,84.3,85.6,2.3,84.8,0.3,0.25,0.25,0.2
REC-0848,DEV-0247,CASE-0848,93.0,87.3,79.6,5.1,88.6,0.3,0.25,0.25,0.2
REC-0849,DEV-0152,CASE-0849,78.3,57.9,79.3,2.5,77.3,0.3,0.25,0.25,0.2
REC-0850,DEV-0178,CASE-0850,84.1,63.3,78.8,6.2,79.5,0.3,0.25,0.25,0.2
REC-0851,DEV-0082,CASE-0851,79.3,69.8,78.7,10.3,78.9,0.3,0.25,0.25,0.2
REC-0852,DEV-0186,CASE-0852,88.0,69.3,91.3,9.6,84.6,0.3,0.25,0.25,0.2
REC-0853,DEV-0067,CASE-0853,73.8,60.1,67.4,5.2,73.0,0.3,0.25,0.25,0.2
REC-0854,DEV-0071,CASE-0854,82.5,71.6,89.7,2.2,84.6,0.3,0.25,0.25,0.2
REC-0855,DEV-0176,CASE-0855,82.3,68.6,92.5,4.4,84.1,0.3,0.25,0.25,0.2
REC-0856,DEV-0020,CASE-0856,74.9,59.7,80.1,5.9,76.2,0.3,0.25,0.25,0.2
REC-0857,DEV-0205,CASE-0857,90.1,65.7,68.7,5.9,79.4,0.3,0.25,0.25,0.2
REC-0858,DEV-0136,CASE-0858,93.2,68.4,89.2,5.7,86.2,0.3,0.25,0.25,0.2
REC-0859,DEV-0113,CASE-0859,78.8,80.6,71.1,4.3,80.7,0.3,0.25,0.25,0.2
REC-0860,DEV-0061,CASE-0860,73.2,61.2,76.0,6.0,75.1,0.3,0.25,0.25,0.2
REC-0861,DEV-0129,CASE-0861,82.1,70.8,81.6,3.9,81.9,0.3,0.25,0.25,0.2
REC-0862,DEV-0103,CASE-0862,86.7,66.1,86.3,7.6,82.6,0.3,0.25,0.25,0.2
REC-0863,DEV-0136,CASE-0863,85.3,77.6,74.7,6.3,82.4,0.3,0.25,0.25,0.2
REC-0864,DEV-0018,CASE-0864,86.0,68.9,77.9,4.7,81.6,0.3,0.25,0.25,0.2
REC-0865,DEV-0154,CASE-0865,78.9,78.1,65.1,3.0,78.9,0.3,0.25,0.25,0.2
REC-0866,DEV-0190,CASE-0866,94.8,61.2,77.1,10.5,80.9,0.3,0.25,0.25,0.2
REC-0867,DEV-0033,CASE-0867,72.0,85.5,66.6,3.7,78.9,0.3,0.25,0.25,0.2
REC-0868,DEV-0246,CASE-0868,72.7,72.1,92.3,10.4,80.8,0.3,0.25,0.25,0.2
REC-0869,DEV-0079,CASE-0869,87.4,61.1,90.2,9.5,82.1,0.3,0.25,0.25,0.2
REC-0870,DEV-0028,CASE-0870,78.4,81.6,90.4,9.0,84.7,0.3,0.25,0.25,0.2
REC-0871,DEV-0079,CASE-0871,74.4,87.5,67.2,8.5,79.3,0.3,0.25,0.25,0.2
REC-0872,DEV-0219,CASE-0872,74.7,84.9,75.1,7.1,81.0,0.3,0.25,0.25,0.2
REC-0873,DEV-0241,CASE-0873,76.3,73.0,92.2,11.0,82.0,0.3,0.25,0.25,0.2
REC-0874,DEV-0244,CASE-0874,73.5,67.5,72.8,6.8,75.8,0.3,0.25,0.25,0.2
REC-0875,DEV-0248,CASE-0875,92.0,79.4,75.0,5.8,85.0,0.3,0.25,0.25,0.2
REC-0876,DEV-0036,CASE-0876,87.7,61.4,68.0,4.4,77.8,0.3,0.25,0.25,0.2
REC-0877,DEV-0112,CASE-0877,75.0,66.6,92.2,3.2,81.6,0.3,0.25,0.25,0.2
REC-0878,DEV-0003,CASE-0878,91.6,72.6,83.4,3.7,85.7,0.3,0.25,0.25,0.2
REC-0879,DEV-0186,CASE-0879,75.6,60.4,84.3,9.5,77.0,0.3,0.25,0.25,0.2
REC-0880,DEV-0072,CASE-0880,94.1,68.1,78.4,6.7,83.5,0.3,0.25,0.25,0.2
REC-0881,DEV-0228,CASE-0881,78.5,65.8,89.6,5.4,81.3,0.3,0.25,0.25,0.2
REC-0882,DEV-0087,CASE-0882,92.9,65.1,74.9,7.6,81.3,0.3,0.25,0.25,0.2
REC-0883,DEV-0001,CASE-0883,74.5,85.4,88.8,8.7,84.2,0.3,0.25,0.25,0.2
REC-0884,DEV-0074,CASE-0884,95.7,55.5,76.9,10.6,79.7,0.3,0.25,0.25,0.2
REC-0885,DEV-0058,CASE-0885,82.4,55.2,69.6,6.3,74.7,0.3,0.25,0.25,0.2
REC-0886,DEV-0246,CASE-0886,88.0,60.4,78.0,2.1,80.6,0.3,0.25,0.25,0.2
REC-0887,DEV-0057,CASE-0887,83.5,84.6,82.3,6.4,85.5,0.3,0.25,0.25,0.2
REC-0888,DEV-0150,CASE-0888,75.9,61.7,67.2,9.4,73.1,0.3,0.25,0.25,0.2
REC-0889,DEV-0205,CASE-0889,73.9,67.7,86.7,9.1,79.0,0.3,0.25,0.25,0.2
REC-0890,DEV-0031,CASE-0890,85.9,73.9,67.6,3.7,80.4,0.3,0.25,0.25,0.2
REC-0891,DEV-0077,CASE-0891,84.8,66.5,65.5,10.0,76.4,0.3,0.25,0.25,0.2
REC-0892,DEV-0032,CASE-0892,87.7,65.8,67.8,7.9,78.1,0.3,0.25,0.25,0.2
REC-0893,DEV-0051,CASE-0893,80.4,63.4,85.9,5.3,80.4,0.3,0.25,0.25,0.2
REC-0894,DEV-0239,CASE-0894,75.3,70.9,89.0,10.5,80.5,0.3,0.25,0.25,0.2
REC-0895,DEV-0148,CASE-0895,92.4,68.9,87.9,10.5,84.8,0.3,0.25,0.25,0.2
REC-0896,DEV-0145,CASE-0896,83.0,65.5,85.4,11.0,80.4,0.3,0.25,0.25,0.2
REC-0897,DEV-0180,CASE-0897,95.3,64.6,92.7,7.0,86.5,0.3,0.25,0.25,0.2
REC-0898,DEV-0090,CASE-0898,79.3,87.6,90.5,8.9,86.5,0.3,0.25,0.25,0.2
REC-0899,DEV-0153,CASE-0899,93.5,77.5,77.8,11.5,84.6,0.3,0.25,0.25,0.2
REC-0900,DEV-0024,CASE-0900,95.1,65.4,75.3,5.8,82.5,0.3,0.25,0.25,0.2
REC-0901,DEV-0090,CASE-0901,91.7,81.1,93.5,6.7,89.8,0.3,0.25,0.25,0.2
REC-0902,DEV-0205,CASE-0902,89.7,83.3,71.4,8.2,83.9,0.3,0.25,0.25,0.2
REC-0903,DEV-0137,CASE-0903,85.1,79.5,85.2,10.1,84.7,0.3,0.25,0.25,0.2
REC-0904,DEV-0019,CASE-0904,79.5,62.1,88.4,5.6,80.4,0.3,0.25,0.25,0.2
REC-0905,DEV-0102,CASE-0905,78.9,66.1,66.9,9.7,75.0,0.3,0.25,0.25,0.2
REC-0906,DEV-0100,CASE-0906,89.2,73.2,85.8,5.7,85.4,0.3,0.25,0.25,0.2
REC-0907,DEV-0093,CASE-0907,79.1,83.5,77.3,4.0,83.1,0.3,0.25,0.25,0.2
REC-0908,DEV-0187,CASE-0908,90.0,66.1,71.1,2.3,80.8,0.3,0.25,0.25,0.2
REC-0909,DEV-0198,CASE-0909,95.3,70.4,69.7,9.6,81.7,0.3,0.25,0.25,0.2
REC-0910,DEV-0188,CASE-0910,93.3,72.4,65.8,5.7,81.4,0.3,0.25,0.25,0.2
REC-0911,DEV-0195,CASE-0911,77.8,76.0,80.0,5.6,81.2,0.3,0.25,0.25,0.2
REC-0912,DEV-0048,CASE-0912,87.6,74.3,91.3,8.0,86.1,0.3,0.25,0.25,0.2
REC-0913,DEV-0003,CASE-0913,84.2,82.2,70.9,4.4,82.7,0.3,0.25,0.25,0.2
REC-0914,DEV-0030,CASE-0914,90.8,69.6,76.9,10.9,81.7,0.3,0.25,0.25,0.2
REC-0915,DEV-0111,CASE-0915,86.6,81.5,88.5,3.2,87.8,0.3,0.25,0.25,0.2
REC-0916,DEV-0194,CASE-0916,87.7,86.4,78.9,9.3,85.8,0.3,0.25,0.25,0.2
REC-0917,DEV-0012,CASE-0917,85.6,61.8,70.7,6.3,77.5,0.3,0.25,0.25,0.2
REC-0918,DEV-0046,CASE-0918,83.6,71.6,92.7,3.0,85.6,0.3,0.25,0.25,0.2
REC-0919,DEV-0142,CASE-0919,81.1,72.0,92.9,7.0,84.2,0.3,0.25,0.25,0.2
REC-0920,DEV-0045,CASE-0920,90.6,79.7,81.4,3.3,86.8,0.3,0.25,0.25,0.2
REC-0921,DEV-0152,CASE-0921,77.3,62.9,66.1,5.8,74.3,0.3,0.25,0.25,0.2
REC-0922,DEV-0106,CASE-0922,86.7,59.8,70.1,9.1,76.7,0.3,0.25,0.25,0.2
REC-0923,DEV-0007,CASE-0923,76.1,59.5,93.4,2.1,80.6,0.3,0.25,0.25,0.2
REC-0924,DEV-0013,CASE-0924,79.8,56.2,89.3,7.8,78.8,0.3,0.25,0.25,0.2
REC-0925,DEV-0055,CASE-0925,73.2,75.3,68.6,7.0,76.5,0.3,0.25,0.25,0.2
REC-0926,DEV-0185,CASE-0926,88.1,59.9,79.4,6.6,79.9,0.3,0.25,0.25,0.2
REC-0927,DEV-0156,CASE-0927,94.0,87.9,84.0,10.5,89.1,0.3,0.25,0.25,0.2
REC-0928,DEV-0218,CASE-0928,87.5,83.9,77.6,8.1,85.0,0.3,0.25,0.25,0.2
REC-0929,DEV-0089,CASE-0929,92.3,85.3,65.7,3.0,84.8,0.3,0.25,0.25,0.2
REC-0930,DEV-0127,CASE-0930,94.3,73.8,93.7,9.9,88.2,0.3,0.25,0.25,0.2
REC-0931,DEV-0172,CASE-0931,91.6,67.7,72.5,8.0,80.9,0.3,0.25,0.25,0.2
REC-0932,DEV-0149,CASE-0932,93.1,78.9,78.7,9.5,85.4,0.3,0.25,0.25,0.2
REC-0933,DEV-0236,CASE-0933,88.6,85.1,72.6,3.2,85.4,0.3,0.25,0.25,0.2
REC-0934,DEV-0115,CASE-0934,83.3,66.9,93.3,2.1,84.6,0.3,0.25,0.25,0.2
REC-0935,DEV-0022,CASE-0935,94.4,86.5,66.5,10.9,84.4,0.3,0.25,0.25,0.2
REC-0936,DEV-0022,CASE-0936,83.3,80.3,67.3,11.6,79.6,0.3,0.25,0.25,0.2
REC-0937,DEV-0115,CASE-0937,86.6,84.7,84.5,7.4,86.8,0.3,0.25,0.25,0.2
REC-0938,DEV-0012,CASE-0938,76.1,60.9,78.7,10.7,75.6,0.3,0.25,0.25,0.2
REC-0939,DEV-0148,CASE-0939,74.8,87.9,90.4,5.9,85.8,0.3,0.25,0.25,0.2
REC-0940,DEV-0116,CASE-0940,78.1,85.4,68.6,5.5,80.8,0.3,0.25,0.25,0.2
REC-0941,DEV-0176,CASE-0941,74.0,86.5,82.9,5.4,83.5,0.3,0.25,0.25,0.2
REC-0942,DEV-0119,CASE-0942,78.6,69.7,67.6,10.9,75.7,0.3,0.25,0.25,0.2
REC-0943,DEV-0240,CASE-0943,84.3,78.9,71.8,7.0,81.6,0.3,0.25,0.25,0.2
REC-0944,DEV-0024,CASE-0944,77.1,81.9,87.5,3.5,84.8,0.3,0.25,0.25,0.2
REC-0945,DEV-0023,CASE-0945,73.8,82.2,68.2,7.5,78.2,0.3,0.25,0.25,0.2
REC-0946,DEV-0178,CASE-0946,84.8,61.7,82.1,7.0,80.0,0.3,0.25,0.25,0.2
REC-0947,DEV-0211,CASE-0947,84.2,66.9,89.3,2.8,83.8,0.3,0.25,0.25,0.2
REC-0948,DEV-0036,CASE-0948,82.5,63.6,89.6,4.3,82.2,0.3,0.25,0.25,0.2
REC-0949,DEV-0053,CASE-0949,90.4,75.2,90.4,7.9,86.9,0.3,0.25,0.25,0.2
REC-0950,DEV-0115,CASE-0950,85.4,81.4,81.3,10.4,84.2,0.3,0.25,0.25,0.2
REC-0951,DEV-0100,CASE-0951,73.2,71.3,88.6,10.5,79.8,0.3,0.25,0.25,0.2
REC-0952,DEV-0245,CASE-0952,92.0,74.9,93.8,3.8,89.0,0.3,0.25,0.25,0.2
REC-0953,DEV-0141,CASE-0953,76.2,56.1,93.7,5.5,79.2,0.3,0.25,0.25,0.2
REC-0954,DEV-0038,CASE-0954,90.3,57.0,73.7,8.2,78.1,0.3,0.25,0.25,0.2
REC-0955,DEV-0072,CASE-0955,84.6,61.9,78.4,3.1,79.8,0.3,0.25,0.25,0.2
REC-0956,DEV-0136,CASE-0956,85.0,58.2,83.4,3.6,80.2,0.3,0.25,0.25,0.2
REC-0957,DEV-0248,CASE-0957,85.1,59.3,76.6,5.5,78.4,0.3,0.25,0.25,0.2
REC-0958,DEV-0113,CASE-0958,90.2,76.2,92.2,11.2,86.9,0.3,0.25,0.25,0.2
REC-0959,DEV-0001,CASE-0959,89.4,80.4,83.1,8.9,85.9,0.3,0.25,0.25,0.2
REC-0960,DEV-0042,CASE-0960,86.8,65.3,75.2,7.7,79.6,0.3,0.25,0.25,0.2
REC-0961,DEV-0052,CASE-0961,89.3,68.4,69.1,6.6,79.8,0.3,0.25,0.25,0.2
REC-0962,DEV-0189,CASE-0962,95.1,62.1,83.8,11.8,82.6,0.3,0.25,0.25,0.2
REC-0963,DEV-0163,CASE-0963,81.0,84.3,90.1,5.4,86.8,0.3,0.25,0.25,0.2
REC-0964,DEV-0034,CASE-0964,74.4,60.9,75.6,11.6,74.1,0.3,0.25,0.25,0.2
REC-0965,DEV-0003,CASE-0965,78.6,85.6,70.3,11.7,80.2,0.3,0.25,0.25,0.2
REC-0966,DEV-0128,CASE-0966,79.0,75.9,67.0,5.0,78.4,0.3,0.25,0.25,0.2
REC-0967,DEV-0099,CASE-0967,77.1,55.1,69.5,7.9,72.7,0.3,0.25,0.25,0.2
REC-0968,DEV-0177,CASE-0968,81.4,78.8,84.5,10.0,83.2,0.3,0.25,0.25,0.2
REC-0969,DEV-0181,CASE-0969,92.8,82.1,78.0,5.1,86.8,0.3,0.25,0.25,0.2
REC-0970,DEV-0145,CASE-0970,84.1,72.7,74.1,7.4,80.5,0.3,0.25,0.25,0.2
REC-0971,DEV-0149,CASE-0971,74.5,62.6,86.6,3.8,78.9,0.3,0.25,0.25,0.2
REC-0972,DEV-0097,CASE-0972,75.3,64.5,75.8,5.3,76.6,0.3,0.25,0.25,0.2
REC-0973,DEV-0027,CASE-0973,81.0,59.6,69.8,4.4,75.8,0.3,0.25,0.25,0.2
REC-0974,DEV-0118,CASE-0974,81.6,66.1,87.9,7.3,81.5,0.3,0.25,0.25,0.2
REC-0975,DEV-0180,CASE-0975,85.8,73.5,76.6,11.8,80.9,0.3,0.25,0.25,0.2
REC-0976,DEV-0053,CASE-0976,72.9,62.1,73.3,10.8,73.6,0.3,0.25,0.25,0.2
REC-0977,DEV-0150,CASE-0977,94.1,82.9,77.1,11.1,86.0,0.3,0.25,0.25,0.2
REC-0978,DEV-0090,CASE-0978,74.4,76.5,92.2,9.5,82.6,0.3,0.25,0.25,0.2
REC-0979,DEV-0058,CASE-0979,78.7,78.7,73.5,3.1,81.0,0.3,0.25,0.25,0.2
REC-0980,DEV-0207,CASE-0980,89.2,60.9,68.2,7.5,77.5,0.3,0.25,0.25,0.2
REC-0981,DEV-0138,CASE-0981,86.9,56.7,65.1,10.8,74.4,0.3,0.25,0.25,0.2
REC-0982,DEV-0023,CASE-0982,74.8,74.3,92.7,7.1,82.8,0.3,0.25,0.25,0.2
REC-0983,DEV-0200,CASE-0983,75.4,68.0,83.1,9.6,78.5,0.3,0.25,0.25,0.2
REC-0984,DEV-0230,CASE-0984,86.6,56.1,69.1,5.7,76.1,0.3,0.25,0.25,0.2
REC-0985,DEV-0002,CASE-0985,88.9,74.3,66.3,10.0,79.8,0.3,0.25,0.25,0.2
REC-0986,DEV-0249,CASE-0986,86.5,84.3,77.1,6.9,84.9,0.3,0.25,0.25,0.2
REC-0987,DEV-0236,CASE-0987,81.7,78.8,86.8,9.2,84.1,0.3,0.25,0.25,0.2
REC-0988,DEV-0116,CASE-0988,79.0,76.0,74.8,10.3,79.3,0.3,0.25,0.25,0.2
REC-0989,DEV-0041,CASE-0989,73.3,56.2,67.9,4.0,72.2,0.3,0.25,0.25,0.2
REC-0990,DEV-0082,CASE-0990,72.9,57.4,73.9,3.0,74.1,0.3,0.25,0.25,0.2
REC-0991,DEV-0033,CASE-0991,91.2,56.8,91.3,10.7,82.2,0.3,0.25,0.25,0.2
REC-0992,DEV-0182,CASE-0992,77.0,57.4,68.1,7.6,73.0,0.3,0.25,0.25,0.2
REC-0993,DEV-0015,CASE-0993,86.4,65.4,73.6,7.3,79.2,0.3,0.25,0.25,0.2
REC-0994,DEV-0135,CASE-0994,79.3,85.8,76.1,4.2,83.4,0.3,0.25,0.25,0.2
REC-0995,DEV-0099,CASE-0995,75.5,75.8,74.5,3.9,79.4,0.3,0.25,0.25,0.2
REC-0996,DEV-0129,CASE-0996,78.6,65.2,83.1,3.7,79.9,0.3,0.25,0.25,0.2
REC-0997,DEV-0100,CASE-0997,89.6,65.1,79.2,8.5,81.3,0.3,0.25,0.25,0.2
REC-0998,DEV-0021,CASE-0998,85.0,76.9,74.4,11.6,81.0,0.3,0.25,0.25,0.2
REC-0999,DEV-0134,CASE-0999,83.0,65.6,73.6,2.4,79.2,0.3,0.25,0.25,0.2
REC-1000,DEV-0242,CASE-1000,88.4,63.7,92.8,4.1,84.8,0.3,0.25,0.25,0.2
